zh_synonym,subcategory_en,category,catid
稳定的气流,BLOW,AIR,AIRBlow
气压释放,BLOW,AIR,AIRBlow
空气爆炸,BURST,AIR,AIRBrst
空气爆破,BURST,AIR,AIRBrst
噗噗,BURST,AIR,AIRBrst
各种各样的,MISC,AIR,AIRMisc
其他空气声音,MISC,AIR,AIRMisc
驾驶舱门,DOOR,AIRCRAFT,AERODoor
飞机门,DOOR,AIRCRAFT,AERODoor
紧急出口,DOOR,AIRCRAFT,AERODoor
旋翼机,HELICOPTER,AIRCRAFT,AEROHeli
飞机内部录音,INTERIOR,AIRCRAFT,AEROInt
复杂环境音,INTERIOR,AIRCRAFT,AEROInt
驾驶舱内部,INTERIOR,AIRCRAFT,AEROInt
滑翔机,INTERIOR,AIRCRAFT,AEROInt
齐柏林飞艇,INTERIOR,AIRCRAFT,AEROInt
喷气客机,INTERIOR,AIRCRAFT,AEROInt
大型喷气式飞机,INTERIOR,AIRCRAFT,AEROInt
里尔喷气机,INTERIOR,AIRCRAFT,AEROInt
空中客车,INTERIOR,AIRCRAFT,AEROInt
庞巴迪 737,INTERIOR,AIRCRAFT,AEROInt
747,INTERIOR,AIRCRAFT,AEROInt
777,INTERIOR,AIRCRAFT,AEROInt
A310,INTERIOR,AIRCRAFT,AEROInt
DC-10,INTERIOR,AIRCRAFT,AEROInt
A330,INTERIOR,AIRCRAFT,AEROInt
A350,INTERIOR,AIRCRAFT,AEROInt
A380,INTERIOR,AIRCRAFT,AEROInt
喷气客机,JET,AIRCRAFT,AEROJet
大型喷气式飞机,JET,AIRCRAFT,AEROJet
里尔喷气机,JET,AIRCRAFT,AEROJet
空中客车公司,JET,AIRCRAFT,AEROJet
737,JET,AIRCRAFT,AEROJet
747,JET,AIRCRAFT,AEROJet
777,JET,AIRCRAFT,AEROJet
A310,JET,AIRCRAFT,AEROJet
DC-10,JET,AIRCRAFT,AEROJet
A330,JET,AIRCRAFT,AEROJet
A350,JET,AIRCRAFT,AEROJet
A380,JET,AIRCRAFT,AEROJet
驾驶舱操纵杆,MECHANISM,AIRCRAFT,AEROMech
方向舵,MECHANISM,AIRCRAFT,AEROMech
隐形轰炸机,MILITARY,AIRCRAFT,AEROMil
蓝天使特技飞行队,MILITARY,AIRCRAFT,AEROMil
雷鸟,MILITARY,AIRCRAFT,AEROMil
军用无人机,MILITARY,AIRCRAFT,AEROMil
洛克希德,MILITARY,AIRCRAFT,AEROMil
F18,MILITARY,AIRCRAFT,AEROMil
F16,MILITARY,AIRCRAFT,AEROMil
F35,MILITARY,AIRCRAFT,AEROMil
F22,MILITARY,AIRCRAFT,AEROMil
A10,MILITARY,AIRCRAFT,AEROMil
P52,MILITARY,AIRCRAFT,AEROMil
军用飞机,MILITARY,AIRCRAFT,AEROMil
滑翔机,MISC,AIRCRAFT,AEROMisc
超轻型,MISC,AIRCRAFT,AEROMisc
悬挂式滑翔机,MISC,AIRCRAFT,AEROMisc
齐柏林飞艇,MISC,AIRCRAFT,AEROMisc
其他种类的飞机,MISC,AIRCRAFT,AEROMisc
双翼飞机,PROP,AIRCRAFT,AEROProp
三翼飞机,PROP,AIRCRAFT,AEROProp
涡轮螺旋桨飞机,PROP,AIRCRAFT,AEROProp
特技飞机,PROP,AIRCRAFT,AEROProp
作物喷粉器,PROP,AIRCRAFT,AEROProp
农用飞机,PROP,AIRCRAFT,AEROProp
双螺旋桨,PROP,AIRCRAFT,AEROProp
螺旋桨喷气发动机,PROP,AIRCRAFT,AEROProp
四轴飞行器,RADIO CONTROLLED,AIRCRAFT,AERORadio
无人驾驶飞行器,RADIO CONTROLLED,AIRCRAFT,AERORadio
遥控直升机,RADIO CONTROLLED,AIRCRAFT,AERORadio
喷气背包,ROCKET,AIRCRAFT,AERORckt
SpaceX,ROCKET,AIRCRAFT,AERORckt
美国航空航天局,ROCKET,AIRCRAFT,AERORckt
核火箭,ROCKET,AIRCRAFT,AERORckt
火铃,BELL,ALARMS,ALRMBell
校铃,BELL,ALARMS,ALRMBell
铁路道口铃,BELL,ALARMS,ALRMBell
平交道警铃,BELL,ALARMS,ALRMBell
雪橇铃,BELL,ALARMS,ALRMBell
门铃,BUZZER,ALARMS,ALRMBuzr
游戏节目蜂鸣器,BUZZER,ALARMS,ALRMBuzr
数字闹钟,CLOCK,ALARMS,ALRMClok
火灾探测器,ELECTRONIC,ALARMS,ALRMElec
家庭防盗报警器,ELECTRONIC,ALARMS,ALRMElec
二氧化碳报警器,ELECTRONIC,ALARMS,ALRMElec
报警器系统,ELECTRONIC,ALARMS,ALRMElec
各种各样的,MISC,ALARMS,ALRMMisc
其他种类的警报,MISC,ALARMS,ALRMMisc
空袭警报器,SIREN,ALARMS,ALRMSirn
车辆鸣笛,SIREN,ALARMS,ALRMSirn
警车警笛,SIREN,ALARMS,ALRMSirn
救护车警笛,SIREN,ALARMS,ALRMSirn
冬天,AIR,AMBIENCE,AMBAir
安静的空气,AIR,AMBIENCE,AMBAir
夜间空气,AIR,AMBIENCE,AMBAir
山间空气,AIR,AMBIENCE,AMBAir
房屋外空气,AIR,AMBIENCE,AMBAir
落基山脉,ALPINE,AMBIENCE,AMBAlpn
山峰,ALPINE,AMBIENCE,AMBAlpn
迪士尼乐园,AMUSEMENT,AMBIENCE,AMBAmus
嘉年华,AMUSEMENT,AMBIENCE,AMBAmus
工会,AMUSEMENT,AMBIENCE,AMBAmus
旅游博览会,AMUSEMENT,AMBIENCE,AMBAmus
展览,AMUSEMENT,AMBIENCE,AMBAmus
公众聚会,CELEBRATION,AMBIENCE,AMBCele
嘉年华,CELEBRATION,AMBIENCE,AMBCele
道路建设,CONSTRUCTION,AMBIENCE,AMBCnst
木工,CONSTRUCTION,AMBIENCE,AMBCnst
手提钻,CONSTRUCTION,AMBIENCE,AMBCnst
复合施工场景,CONSTRUCTION,AMBIENCE,AMBCnst
道路施工,CONSTRUCTION,AMBIENCE,AMBCnst
风滚草,DESERT,AMBIENCE,AMBDsrt
绿洲,DESERT,AMBIENCE,AMBDsrt
贫瘠,DESERT,AMBIENCE,AMBDsrt
撒哈拉,DESERT,AMBIENCE,AMBDsrt
人造场景,DESIGNED,AMBIENCE,AMBDsgn
中土,DESIGNED,AMBIENCE,AMBDsgn
犯罪现场,EMERGENCY,AMBIENCE,AMBEmrg
医务人员,EMERGENCY,AMBIENCE,AMBEmrg
事故,EMERGENCY,AMBIENCE,AMBEmrg
灾难,EMERGENCY,AMBIENCE,AMBEmrg
中土世界,FANTASY,AMBIENCE,AMBFant
收获,FARM,AMBIENCE,AMBFarm
耕作,FARM,AMBIENCE,AMBFarm
田庄,FARM,AMBIENCE,AMBFarm
种植园,FARM,AMBIENCE,AMBFarm
农作物,FARM,AMBIENCE,AMBFarm
稻谷,FARM,AMBIENCE,AMBFarm
乳制品,FARM,AMBIENCE,AMBFarm
葡萄园,FARM,AMBIENCE,AMBFarm
畜栏,FARM,AMBIENCE,AMBFarm
林地,FOREST,AMBIENCE,AMBForst
云雾林,FOREST,AMBIENCE,AMBForst
针叶树,FOREST,AMBIENCE,AMBForst
阔叶林,FOREST,AMBIENCE,AMBForst
草地,GRASSLAND,AMBIENCE,AMBGras
草地,GRASSLAND,AMBIENCE,AMBGras
放牧,GRASSLAND,AMBIENCE,AMBGras
老西部,HISTORICAL,AMBIENCE,AMBHist
古罗马,HISTORICAL,AMBIENCE,AMBHist
古希腊,HISTORICAL,AMBIENCE,AMBHist
服务器,HITECH,AMBIENCE,AMBTech
宇宙飞船内部,HITECH,AMBIENCE,AMBTech
诊所,HOSPITAL,AMBIENCE,AMBHosp
疗养院,HOSPITAL,AMBIENCE,AMBHosp
兽医医院,HOSPITAL,AMBIENCE,AMBHosp
制造,INDUSTRIAL,AMBIENCE,AMBInd
湖泊,LAKESIDE,AMBIENCE,AMBLake
湖边,LAKESIDE,AMBIENCE,AMBLake
水波浪,LAKESIDE,AMBIENCE,AMBLake
湖泊,LAKESIDE,AMBIENCE,AMBLake
供应商,MARKET,AMBIENCE,AMBMrkt
购物区,MARKET,AMBIENCE,AMBMrkt
其他种类的环境,MISC,AMBIENCE,AMBMisc
各种各样的,MISC,AMBIENCE,AMBMisc
造船厂,NAUTICAL,AMBIENCE,AMBNaut
船尾甲板,NAUTICAL,AMBIENCE,AMBNaut
船头,NAUTICAL,AMBIENCE,AMBNaut
远洋,NAUTICAL,AMBIENCE,AMBNaut
船坞,NAUTICAL,AMBIENCE,AMBNaut
工作场所,OFFICE,AMBIENCE,AMBOffc
分支机构,OFFICE,AMBIENCE,AMBOffc
工作站,OFFICE,AMBIENCE,AMBOffc
城市公园,PARK,AMBIENCE,AMBPark
郊区公园,PARK,AMBIENCE,AMBPark
棒球场,PARK,AMBIENCE,AMBPark
监狱院子,PRISON,AMBIENCE,AMBPrisn
监禁室,PRISON,AMBIENCE,AMBPrisn
刑罚机构,PRISON,AMBIENCE,AMBPrisn
禁闭室,PRISON,AMBIENCE,AMBPrisn
放风场,PRISON,AMBIENCE,AMBPrisn
集会,PROTEST,AMBIENCE,AMBPrtst
集会,PROTEST,AMBIENCE,AMBPrtst
骚乱,PROTEST,AMBIENCE,AMBPrtst
愤怒的人群,PROTEST,AMBIENCE,AMBPrtst
动荡,PROTEST,AMBIENCE,AMBPrtst
反抗,PROTEST,AMBIENCE,AMBPrtst
革命,PROTEST,AMBIENCE,AMBPrtst
口号,PROTEST,AMBIENCE,AMBPrtst
除餐厅外其他室内或室外公共场所,PUBLIC PLACE,AMBIENCE,AMBPubl
商店,PUBLIC PLACE,AMBIENCE,AMBPubl
大堂,PUBLIC PLACE,AMBIENCE,AMBPubl
博物馆,PUBLIC PLACE,AMBIENCE,AMBPubl
公共广场,PUBLIC PLACE,AMBIENCE,AMBPubl
清真寺,RELIGIOUS,AMBIENCE,AMBRlgn
宗教集会,RELIGIOUS,AMBIENCE,AMBRlgn
大教堂,RELIGIOUS,AMBIENCE,AMBRlgn
朝圣,RELIGIOUS,AMBIENCE,AMBRlgn
窗外,RESIDENTIAL,AMBIENCE,AMBHome
美食酒吧,RESTAURANT & BAR,AMBIENCE,AMBRest
小餐馆,RESTAURANT & BAR,AMBIENCE,AMBRest
自助餐厅,RESTAURANT & BAR,AMBIENCE,AMBRest
茶室,RESTAURANT & BAR,AMBIENCE,AMBRest
沙龙,RESTAURANT & BAR,AMBIENCE,AMBRest
比萨店,RESTAURANT & BAR,AMBIENCE,AMBRest
夜总会,RESTAURANT & BAR,AMBIENCE,AMBRest
熟食店,RESTAURANT & BAR,AMBIENCE,AMBRest
餐馆,RESTAURANT & BAR,AMBIENCE,AMBRest
安静的空气,ROOM TONE,AMBIENCE,AMBRoom
空荡,ROOM TONE,AMBIENCE,AMBRoom
连绵起伏的丘陵,RURAL,AMBIENCE,AMBRurl
草地,RURAL,AMBIENCE,AMBRurl
断崖,RURAL,AMBIENCE,AMBRurl
高原,RURAL,AMBIENCE,AMBRurl
戈壁,RURAL,AMBIENCE,AMBRurl
小学,SCHOOL,AMBIENCE,AMBSchl
学院,SCHOOL,AMBIENCE,AMBSchl
学前班,SCHOOL,AMBIENCE,AMBSchl
大学,SCHOOL,AMBIENCE,AMBSchl
课堂,SCHOOL,AMBIENCE,AMBSchl
大会,SCHOOL,AMBIENCE,AMBSchl
教室,SCHOOL,AMBIENCE,AMBSchl
学校走廊,SCHOOL,AMBIENCE,AMBSchl
科技实验室,SCIFI,AMBIENCE,AMBSci
赛伯朋克,SCIFI,AMBIENCE,AMBSci
沙滩,SEASIDE,AMBIENCE,AMBSea
海岸线,SEASIDE,AMBIENCE,AMBSea
木板路,SEASIDE,AMBIENCE,AMBSea
海滩度假村,SEASIDE,AMBIENCE,AMBSea
海堤,SEASIDE,AMBIENCE,AMBSea
NFI,SPORT,AMBIENCE,AMBSprt
NBA,SPORT,AMBIENCE,AMBSprt
美国职业棒球大联盟,SPORT,AMBIENCE,AMBSprt
体育赛事,SPORT,AMBIENCE,AMBSprt
小联盟,SPORT,AMBIENCE,AMBSprt
住宅,SUBURBAN,AMBIENCE,AMBSubn
邻里,SUBURBAN,AMBIENCE,AMBSubn
湖边,SWAMP,AMBIENCE,AMBSwmp
湿地树木,SWAMP,AMBIENCE,AMBSwmp
小村庄,TOWN,AMBIENCE,AMBTown
社区,TOWN,AMBIENCE,AMBTown
社区,TOWN,AMBIENCE,AMBTown
林荫大道,TRAFFIC,AMBIENCE,AMBTraf
公路,TRAFFIC,AMBIENCE,AMBTraf
马路,TRAFFIC,AMBIENCE,AMBTraf
公交车站,TRANSPORTATION,AMBIENCE,AMBTran
云雾林,TROPICAL,AMBIENCE,AMBTrop
热带植物,TROPICAL,AMBIENCE,AMBTrop
高原,TUNDRA,AMBIENCE,AMBTndra
冰川,TUNDRA,AMBIENCE,AMBTndra
冰原,TUNDRA,AMBIENCE,AMBTndra
暴风雪,TUNDRA,AMBIENCE,AMBTndra
地堡,UNDERGROUND,AMBIENCE,AMBUndr
地牢,UNDERGROUND,AMBIENCE,AMBUndr
熔岩管,UNDERGROUND,AMBIENCE,AMBUndr
埋藏,UNDERGROUND,AMBIENCE,AMBUndr
竖井,UNDERGROUND,AMBIENCE,AMBUndr
矿道,UNDERGROUND,AMBIENCE,AMBUndr
海沟,UNDERWATER,AMBIENCE,AMBUndwtr
淹没,UNDERWATER,AMBIENCE,AMBUndwtr
海底生物,UNDERWATER,AMBIENCE,AMBUndwtr
鱼类,UNDERWATER,AMBIENCE,AMBUndwtr
密集的城市,URBAN,AMBIENCE,AMBUrbn
内城,URBAN,AMBIENCE,AMBUrbn
繁华,URBAN,AMBIENCE,AMBUrbn
高峰时间,URBAN,AMBIENCE,AMBUrbn
拥堵,URBAN,AMBIENCE,AMBUrbn
金融区,URBAN,AMBIENCE,AMBUrbn
城区,URBAN,AMBIENCE,AMBUrbn
街区,URBAN,AMBIENCE,AMBUrbn
小规模冲突,WARFARE,AMBIENCE,AMBWar
遭遇,WARFARE,AMBIENCE,AMBWar
闪电战,WARFARE,AMBIENCE,AMBWar
空袭,WARFARE,AMBIENCE,AMBWar
闪电战,WARFARE,AMBIENCE,AMBWar
战舰,WARFARE,AMBIENCE,AMBWar
蟾蜍,AMPHIBIAN,ANIMALS,ANMLAmph
牛蛙,AMPHIBIAN,ANIMALS,ANMLAmph
蝾螈,AMPHIBIAN,ANIMALS,ANMLAmph
鼠海豚,AQUATIC,ANIMALS,ANMLAqua
海狮,AQUATIC,ANIMALS,ANMLAqua
海牛,AQUATIC,ANIMALS,ANMLAqua
独角鲸,AQUATIC,ANIMALS,ANMLAqua
儒艮,AQUATIC,ANIMALS,ANMLAqua
黄貂鱼,AQUATIC,ANIMALS,ANMLAqua
鱿鱼,AQUATIC,ANIMALS,ANMLAqua
吸血蝙蝠,BAT,ANIMALS,ANMLBat
果蝠,BAT,ANIMALS,ANMLBat
呼噜声,CAT DOMESTIC,ANIMALS,ANMLCat
小猫,CAT DOMESTIC,ANIMALS,ANMLCat
大猫,CAT DOMESTIC,ANIMALS,ANMLCat
猫科动物,CAT DOMESTIC,ANIMALS,ANMLCat
胡同猫,CAT DOMESTIC,ANIMALS,ANMLCat
长毛猫,CAT DOMESTIC,ANIMALS,ANMLCat
短毛猫,CAT DOMESTIC,ANIMALS,ANMLCat
美洲虎,CAT WILD,ANIMALS,ANMLWcat
猎豹,CAT WILD,ANIMALS,ANMLWcat
狞猫,CAT WILD,ANIMALS,ANMLWcat
薮猫,CAT WILD,ANIMALS,ANMLWcat
吠声,DOG,ANIMALS,ANMLDog
小狗,DOG,ANIMALS,ANMLDog
大狗,DOG,ANIMALS,ANMLDog
哈巴狗,DOG,ANIMALS,ANMLDog
杂种狗,DOG,ANIMALS,ANMLDog
巡回犬,DOG,ANIMALS,ANMLDog
牧羊犬,DOG,ANIMALS,ANMLDog
柯基,DOG,ANIMALS,ANMLDog
柴犬,DOG,ANIMALS,ANMLDog
豺狼,DOG WILD,ANIMALS,ANMLWdog
野狗,DOG WILD,ANIMALS,ANMLWdog
狼疮,DOG WILD,ANIMALS,ANMLWdog
藏狐,DOG WILD,ANIMALS,ANMLWdog
美洲驼,FARM,ANIMALS,ANMLFarm
骡,HORSE,ANIMALS,ANMLHors
斑马,HORSE,ANIMALS,ANMLHors
蚱蜢,INSECT,ANIMALS,ANMLInsc
蚂蜂,INSECT,ANIMALS,ANMLInsc
螳螂,INSECT,ANIMALS,ANMLInsc
独角仙,INSECT,ANIMALS,ANMLInsc
蝗虫,INSECT,ANIMALS,ANMLInsc
甲虫,INSECT,ANIMALS,ANMLInsc
蟑螂,INSECT,ANIMALS,ANMLInsc
其他种类的动物,MISC,ANIMALS,ANMLMisc
各种各样的,MISC,ANIMALS,ANMLMisc
猿,PRIMATE,ANIMALS,ANMLPrim
大猩猩,PRIMATE,ANIMALS,ANMLPrim
狐猴,PRIMATE,ANIMALS,ANMLPrim
卷尾猴,PRIMATE,ANIMALS,ANMLPrim
狨猴,PRIMATE,ANIMALS,ANMLPrim
长臂猿,PRIMATE,ANIMALS,ANMLPrim
倭黑猩猩,PRIMATE,ANIMALS,ANMLPrim
狒狒,PRIMATE,ANIMALS,ANMLPrim
龟,REPTILE,ANIMALS,ANMLRept
恒河鳄,REPTILE,ANIMALS,ANMLRept
凯门鳄,REPTILE,ANIMALS,ANMLRept
老鼠,RODENT,ANIMALS,ANMLRdnt
松鼠,RODENT,ANIMALS,ANMLRdnt
鼹鼠,RODENT,ANIMALS,ANMLRdnt
豪猪,RODENT,ANIMALS,ANMLRdnt
花栗鼠,RODENT,ANIMALS,ANMLRdnt
海狸,RODENT,ANIMALS,ANMLRdnt
地鼠,RODENT,ANIMALS,ANMLRdnt
浣熊,RODENT,ANIMALS,ANMLRdnt
草原土拨鼠,RODENT,ANIMALS,ANMLRdnt
沙鼠,RODENT,ANIMALS,ANMLRdnt
仓鼠,RODENT,ANIMALS,ANMLRdnt
土拨鼠,RODENT,ANIMALS,ANMLRdnt
旅鼠,RODENT,ANIMALS,ANMLRdnt
麝鼠,RODENT,ANIMALS,ANMLRdnt
龙猫,RODENT,ANIMALS,ANMLRdnt
长颈鹿,WILD,ANIMALS,ANMLWild
斑羚,WILD,ANIMALS,ANMLWild
食蚁兽,WILD,ANIMALS,ANMLWild
鸭嘴兽,WILD,ANIMALS,ANMLWild
树懒,WILD,ANIMALS,ANMLWild
金刚狼,WILD,ANIMALS,ANMLWild
袋熊,WILD,ANIMALS,ANMLWild
袋鼠,WILD,ANIMALS,ANMLWild
小袋鼠,WILD,ANIMALS,ANMLWild
角马,WILD,ANIMALS,ANMLWild
羚羊,WILD,ANIMALS,ANMLWild
浣熊,WILD,ANIMALS,ANMLWild
犀牛,WILD,ANIMALS,ANMLWild
土豚,WILD,ANIMALS,ANMLWild
疣猪,WILD,ANIMALS,ANMLWild
黑斑羚,WILD,ANIMALS,ANMLWild
后期录音,ADR,ARCHIVED,ADR
资产,ASSET,ARCHIVED,ASSET
素材导出,BOUNCE,ARCHIVED,BNCE
多层素材合并,BOUNCE,ARCHIVED,BNCE
IR,IMPULSE RESPONSE,ARCHIVED,IR
卷积混响,IMPULSE RESPONSE,ARCHIVED,IR
混响采样,IMPULSE RESPONSE,ARCHIVED,IR
循环声音素材,LOOP GROUP,ARCHIVED,LPGRP
预混,MIX,ARCHIVED,MIX
最终混音,MIX,ARCHIVED,MIX
M&E,MIX,ARCHIVED,MIX
分轨,MIX,ARCHIVED,MIX
现场音效,PFX,ARCHIVED,PFX
台词,PRODUCTION,ARCHIVED,PROD
数据磁带,RAW,ARCHIVED,RAW
原始文件,RAW,ARCHIVED,RAW
未处理的素材,RAW,ARCHIVED,RAW
参考,REFERENCE,ARCHIVED,REF
灵感,REFERENCE,ARCHIVED,REF
设计的素材,SCENE,ARCHIVED,SCNE
adr 哔哔声,TEST TONE,ARCHIVED,TEST
测试音,TEST TONE,ARCHIVED,TEST
哔音,TEST TONE,ARCHIVED,TEST
2pops,TEST TONE,ARCHIVED,TEST
粉红噪声,TEST TONE,ARCHIVED,TEST
正弦波扫描,TEST TONE,ARCHIVED,TEST
商标,TRADEMARKED,ARCHIVED,TMARK
版权,TRADEMARKED,ARCHIVED,TMARK
产品声音,TRADEMARKED,ARCHIVED,TMARK
许可,TRADEMARKED,ARCHIVED,TMARK
合法,TRADEMARKED,ARCHIVED,TMARK
标识,TRADEMARKED,ARCHIVED,TMARK
工作进行中,WORK IN PROGRESS,ARCHIVED,WIP
未完成,WORK IN PROGRESS,ARCHIVED,WIP
不可归类的,WTF,ARCHIVED,WTF
未知的,WTF,ARCHIVED,WTF
电话音,LOFI,BEEPS,BEEPLofi
电视音,LOFI,BEEPS,BEEPLofi
心电图,MEDICAL,BEEPS,BEEPMed
KDC,MEDICAL,BEEPS,BEEPMed
心脏监护仪,MEDICAL,BEEPS,BEEPMed
超声波,MEDICAL,BEEPS,BEEPMed
医用,MEDICAL,BEEPS,BEEPMed
烤箱定时器,TIMER,BEEPS,BEEPTimer
数字手表,TIMER,BEEPS,BEEPTimer
定时器,TIMER,BEEPS,BEEPTimer
叉车蜂鸣,VEHICLE,BEEPS,BEEPVeh
备用蜂鸣,VEHICLE,BEEPS,BEEPVeh
狗铃,ANIMAL,BELLS,BELLAnml
猫铃,ANIMAL,BELLS,BELLAnml
门铃,DOORBELL,BELLS,BELLDoor
手摇铃,HANDBELL,BELLS,BELLHand
晚餐铃,HANDBELL,BELLS,BELLHand
校铃,HANDBELL,BELLS,BELLHand
雪橇铃,HANDBELL,BELLS,BELLHand
寺庙钟,LARGE,BELLS,BELLLrg
教堂钟,LARGE,BELLS,BELLLrg
大钟,LARGE,BELLS,BELLLrg
自行车铃,MISC,BELLS,BELLMisc
服务铃,MISC,BELLS,BELLMisc
呼叫铃,MISC,BELLS,BELLMisc
鹞,BIRD OF PREY,BIRDS,BIRDPrey
喜鹊,CROW,BIRDS,BIRDCrow
天鹅,FOWL,BIRDS,BIRDFowl
鹧鸪,FOWL,BIRDS,BIRDFowl
绒鸭,FOWL,BIRDS,BIRDFowl
鹌鹑,FOWL,BIRDS,BIRDFowl
雷鸟,FOWL,BIRDS,BIRDFowl
杜鹃,MISC,BIRDS,BIRDMisc
夜鹰,MISC,BIRDS,BIRDMisc
塘鹅,SEA,BIRDS,BIRDSea
信天翁,SEA,BIRDS,BIRDSea
鸬鹚,SEA,BIRDS,BIRDSea
鹈鹕,SEA,BIRDS,BIRDSea
海燕,SEA,BIRDS,BIRDSea
燕鸥,SEA,BIRDS,BIRDSea
军舰鸟,SEA,BIRDS,BIRDSea
鲣鸟,SEA,BIRDS,BIRDSea
鸻,SEA,BIRDS,BIRDSea
鹬,SEA,BIRDS,BIRDSea
海雀,SEA,BIRDS,BIRDSea
燕子,SONGBIRD,BIRDS,BIRDSong
唐纳雀,SONGBIRD,BIRDS,BIRDSong
画眉,SONGBIRD,BIRDS,BIRDSong
莺,SONGBIRD,BIRDS,BIRDSong
山雀,SONGBIRD,BIRDS,BIRDSong
云雀,SONGBIRD,BIRDS,BIRDSong
八哥,SONGBIRD,BIRDS,BIRDSong
黑鸟,SONGBIRD,BIRDS,BIRDSong
鸫鸟,SONGBIRD,BIRDS,BIRDSong
黑鸟,SONGBIRD,BIRDS,BIRDSong
巨嘴鸟,TROPICAL,BIRDS,BIRDTrop
笑翠鸟,TROPICAL,BIRDS,BIRDTrop
琴鸟,TROPICAL,BIRDS,BIRDTrop
金刚鹦鹉,TROPICAL,BIRDS,BIRDTrop
犀鸟,TROPICAL,BIRDS,BIRDTrop
长尾小鹦鹉,TROPICAL,BIRDS,BIRDTrop
琵鹭,TROPICAL,BIRDS,BIRDTrop
琵鹭,WADING,BIRDS,BIRDWade
鹳,WADING,BIRDS,BIRDWade
苍鹭,WADING,BIRDS,BIRDWade
鹬,WADING,BIRDS,BIRDWade
风扇船,AIR BOAT,BOATS,BOATAir
气垫船,AIR BOAT,BOATS,BOATAir
气垫船,AIR BOAT,BOATS,BOATAir
香蕉船,AIR BOAT,BOATS,BOATAir
船浪,BOW WASH,BOATS,BOATWash
船波,BOW WASH,BOATS,BOATWash
液压门,DOOR,BOATS,BOATDoor
拖钓马达,ELECTRIC,BOATS,BOATElec
电动马达,ELECTRIC,BOATS,BOATElec
捕蟹船,FISHING,BOATS,BOATFish
拖网渔船,FISHING,BOATS,BOATFish
围网船,FISHING,BOATS,BOATFish
线船,FISHING,BOATS,BOATFish
挖泥船,FISHING,BOATS,BOATFish
刺网船,FISHING,BOATS,BOATFish
研究船,FISHING,BOATS,BOATFish
船喇叭,HORN,BOATS,BOATHorn
拖船喇叭,HORN,BOATS,BOATHorn
海军,INTERIOR,BOATS,BOATInt
军船,INTERIOR,BOATS,BOATInt
游艇,INTERIOR,BOATS,BOATInt
油轮,INTERIOR,BOATS,BOATInt
索具,MECHANISM,BOATS,BOATMech
船轮,MECHANISM,BOATS,BOATMech
锚,MECHANISM,BOATS,BOATMech
战列巡洋舰,MILITARY,BOATS,BOATMil
护卫舰,MILITARY,BOATS,BOATMil
快速攻击船,MILITARY,BOATS,BOATMil
桨船,MISC,BOATS,BOATMisc
个人渔船,MOTORBOAT,BOATS,BOATMotr
浮筒船,MOTORBOAT,BOATS,BOATMotr
鸭子船,MOTORBOAT,BOATS,BOATMotr
小艇,MOTORBOAT,BOATS,BOATMotr
水上飞机,RACING,BOATS,BOATRace
水翼艇,RACING,BOATS,BOATRace
喷射艇,RACING,BOATS,BOATRace
手摇船,ROWBOAT,BOATS,BOATRow
独木舟,ROWBOAT,BOATS,BOATRow
单桅帆船,SAILBOAT,BOATS,BOATSail
双桅船,SAILBOAT,BOATS,BOATSail
风动船,SAILBOAT,BOATS,BOATSail
大船,SHIP,BOATS,BOATShip
油轮,SHIP,BOATS,BOATShip
蒸汽明轮船,STEAM,BOATS,BOATStm
明轮船,STEAM,BOATS,BOATStm
声纳,SUBMARINE,BOATS,BOATSub
水下录音,UNDERWATER,BOATS,BOATUndwtr
子弹飞过,BY,BULLETS,BLLTBy
子弹经过,BY,BULLETS,BLLTBy
子弹擦过,BY,BULLETS,BLLTBy
子弹撞击,IMPACT,BULLETS,BLLTImpt
子弹击中,IMPACT,BULLETS,BLLTImpt
中弹,IMPACT,BULLETS,BLLTImpt
各种各样的,MISC,BULLETS,BLLTMisc
可爱动物叫,ANIMAL,CARTOON,TOONAnml
憨憨动物声,ANIMAL,CARTOON,TOONAnml
卡通弹跳声,BOING,CARTOON,TOONBoing
刀光,CLANG,CARTOON,TOONClang
牛皮筋,CREAK,CARTOON,TOONCreak
灯泡喇叭,HORN,CARTOON,TOONHorn
小丑喇叭,HORN,CARTOON,TOONHorn
duang,IMPACT,CARTOON,TOONImpt
卡通机器,MACHINE,CARTOON,TOONMach
吸盘,POP,CARTOON,TOONPop
泡泡爆破,POP,CARTOON,TOONPop
嘎嘎声,SHAKE,CARTOON,TOONShake
卡通液体声,SPLAT,CARTOON,TOONSplt
拉紧,STRETCH,CARTOON,TOONStrch
闪白,SWISH,CARTOON,TOONSwsh
拨尺声,TWANG,CARTOON,TOONTwang
弹尺声,TWANG,CARTOON,TOONTwang
异型车,VEHICLE,CARTOON,TOONVeh
特殊载具,VEHICLE,CARTOON,TOONVeh
非人类叫声,VOCAL,CARTOON,TOONVox
滑哨,WHISTLE,CARTOON,TOONWhis
哨音,WHISTLE,CARTOON,TOONWhis
上拉,ZIP,CARTOON,TOONZip
破坏,BREAK,CERAMICS,CERMBrk
尖叫声,FRICTION,CERAMICS,CERMFric
拿到,HANDLE,CERAMICS,CERMHndl
各种各样的,MISC,CERAMICS,CERMMisc
自行车链,HANDLE,CHAINS,CHAINHndl
张力断裂,IMPACT,CHAINS,CHAINImpt
各种各样的,MISC,CHAINS,CHAINMisc
各种各样的,MISC,CHEMICALS,CHEMMisc
树铃,CHIME,CLOCKS,CLOCKChim
绕组,MECHANICS,CLOCKS,CLOCKMech
时钟齿轮,MECHANICS,CLOCKS,CLOCKMech
布谷鸟钟,MECHANICS,CLOCKS,CLOCKMech
各种各样的,MISC,CLOCKS,CLOCKMisc
鸡蛋计时器,TICK,CLOCKS,CLOCKTick
沙沙声,FLAP,CLOTH,CLOTHFlp
降落伞,FLAP,CLOTH,CLOTHFlp
斗篷,FLAP,CLOTH,CLOTHFlp
拿衣服,HANDLE,CLOTH,CLOTHHndl
整理衣服,HANDLE,CLOTH,CLOTHHndl
抓衣服,IMPACT,CLOTH,CLOTHImpt
挠衣服,IMPACT,CLOTH,CLOTHImpt
各种各样的,MISC,CLOTH,CLOTHMisc
沙沙声,MOVEMENT,CLOTH,CLOTHMvmt
电影摄影机,AUDIO VISUAL,COMMUNICATIONS,COMAv
胶片相机,AUDIO VISUAL,COMMUNICATIONS,COMAv
CD 播放器,AUDIO VISUAL,COMMUNICATIONS,COMAv
ipod,AUDIO VISUAL,COMMUNICATIONS,COMAv
DVD,AUDIO VISUAL,COMMUNICATIONS,COMAv
VCD,AUDIO VISUAL,COMMUNICATIONS,COMAv
蓝光机,AUDIO VISUAL,COMMUNICATIONS,COMAv
相机快门,CAMERA,COMMUNICATIONS,COMCam
尼康,CAMERA,COMMUNICATIONS,COMCam
佳能,CAMERA,COMMUNICATIONS,COMCam
富士,CAMERA,COMMUNICATIONS,COMCam
富士胶片,CAMERA,COMMUNICATIONS,COMCam
玛米亚,CAMERA,COMMUNICATIONS,COMCam
哈苏,CAMERA,COMMUNICATIONS,COMCam
徕卡,CAMERA,COMMUNICATIONS,COMCam
手机,CELLPHONE,COMMUNICATIONS,COMCell
智能手机,CELLPHONE,COMMUNICATIONS,COMCell
iphone,CELLPHONE,COMMUNICATIONS,COMCell
黑莓手机,CELLPHONE,COMMUNICATIONS,COMCell
翻盖手机,CELLPHONE,COMMUNICATIONS,COMCell
麦克风啸叫,MICROPHONE,COMMUNICATIONS,COMMic
麦克风杂音,MICROPHONE,COMMUNICATIONS,COMMic
扩音器,MICROPHONE,COMMUNICATIONS,COMMic
各种各样的,MISC,COMMUNICATIONS,COMMisc
留声机,PHONOGRAPH,COMMUNICATIONS,COMPhono
黑胶唱片,PHONOGRAPH,COMMUNICATIONS,COMPhono
短波,RADIO,COMMUNICATIONS,COMRadio
白噪,RADIO,COMMUNICATIONS,COMRadio
莫尔斯电码,TELEMETRY,COMMUNICATIONS,COMTelm
遥测,TELEMETRY,COMMUNICATIONS,COMTelm
sos,TELEMETRY,COMMUNICATIONS,COMTelm
公用电话,TELEPHONE,COMMUNICATIONS,COMTelph
旋转拨号,TELEPHONE,COMMUNICATIONS,COMTelph
有线电话,TELEPHONE,COMMUNICATIONS,COMTelph
节目,TELEVISION,COMMUNICATIONS,COMTv
节目,TELEVISION,COMMUNICATIONS,COMTv
futz,TELEVISION,COMMUNICATIONS,COMTv
cb,TRANSCEIVER,COMMUNICATIONS,COMTran
业余无线电,TRANSCEIVER,COMMUNICATIONS,COMTran
收发器,TRANSCEIVER,COMMUNICATIONS,COMTran
静噪,TRANSCEIVER,COMMUNICATIONS,COMTran
电传打字机,TYPEWRITER,COMMUNICATIONS,COMType
压板旋钮,TYPEWRITER,COMMUNICATIONS,COMType
触控板,KEYBOARD & MOUSE,COMPUTERS,CMPTKey
海妖,AQUATIC,CREATURES,CREAAqua
美人鱼,AQUATIC,CREATURES,CREAAqua
巨型鱿鱼,AQUATIC,CREATURES,CREAAqua
外星鸟类,AVIAN,CREATURES,CREAAvian
幻想的鸟类,AVIAN,CREATURES,CREAAvian
奇幻鸟类,AVIAN,CREATURES,CREAAvian
猛犸象,BEAST,CREATURES,CREABeast
长毛象,BEAST,CREATURES,CREABeast
变形怪体,BLOB,CREATURES,CREABlob
粘稠状的生物,BLOB,CREATURES,CREABlob
雷龙,DINOSAUR,CREATURES,CREADino
迅猛龙,DINOSAUR,CREATURES,CREADino
三角龙,DINOSAUR,CREATURES,CREADino
剑龙,DINOSAUR,CREATURES,CREADino
暴龙,DINOSAUR,CREATURES,CREADino
异特龙,DINOSAUR,CREATURES,CREADino
棘龙,DINOSAUR,CREATURES,CREADino
腕龙,DINOSAUR,CREATURES,CREADino
始祖鸟,DINOSAUR,CREATURES,CREADino
翼龙,DINOSAUR,CREATURES,CREADino
翼手龙,DINOSAUR,CREATURES,CREADino
德雷克,DRAGON,CREATURES,CREADrgn
岩石怪物,ELEMENTAL,CREATURES,CREAElem
火怪物,ELEMENTAL,CREATURES,CREAElem
冰怪物,ELEMENTAL,CREATURES,CREAElem
岩石巨人,ELEMENTAL,CREATURES,CREAElem
冰巨人,ELEMENTAL,CREATURES,CREAElem
空灵的人声,ETHEREAL,CREATURES,CREAEthr
幻影,ETHEREAL,CREATURES,CREAEthr
活死人,HUMANOID,CREATURES,CREAHmn
天狗,HUMANOID,CREATURES,CREAHmn
妖精,HUMANOID,CREATURES,CREAHmn
大脚怪,HUMANOID,CREATURES,CREAHmn
沼泽物,HUMANOID,CREATURES,CREAHmn
狼人,HUMANOID,CREATURES,CREAHmn
科学怪人,HUMANOID,CREATURES,CREAHmn
巨型蚂蚁,INSECTOID,CREATURES,CREAInsc
巨型蜘蛛,INSECTOID,CREATURES,CREAInsc
不符合列表中分类的其他生物,MISC,CREATURES,CREAMisc
哥斯拉,MONSTER,CREATURES,CREAMnstr
金刚,MONSTER,CREATURES,CREAMnstr
巨蜥,REPTILIAN,CREATURES,CREARept
巨蛇,REPTILIAN,CREATURES,CREARept
嘶声怪,REPTILIAN,CREATURES,CREARept
仙女,SMALL,CREATURES,CREASmall
小精灵,SMALL,CREATURES,CREASmall
类啮齿类的小生物,SMALL,CREATURES,CREASmall
吠声,SOURCE,CREATURES,CREASrce
呼吸声,SOURCE,CREATURES,CREASrce
咔嗒声,SOURCE,CREATURES,CREASrce
咕噜声,SOURCE,CREATURES,CREASrce
嚎叫声,SOURCE,CREATURES,CREASrce
咆哮声,SOURCE,CREATURES,CREASrce
呻吟声,SOURCE,CREATURES,CREASrce
用口型默示,SOURCE,CREATURES,CREASrce
咆哮声,SOURCE,CREATURES,CREASrce
尖叫声,SOURCE,CREATURES,CREASrce
长声尖叫,SOURCE,CREATURES,CREASrce
呜呜声,SOURCE,CREATURES,CREASrce
骚乱,ANGRY,CROWDS,CRWDAngr
暴动,ANGRY,CROWDS,CRWDAngr
校园暴力,ANGRY,CROWDS,CRWDAngr
战斗呐喊,BATTLE,CROWDS,CRWDBatl
节日,CELEBRATION,CROWDS,CRWDCele
生日,CELEBRATION,CROWDS,CRWDCele
体育场,CHEERING,CROWDS,CRWDCheer
观众,CHEERING,CROWDS,CRWDCheer
声浪,CHEERING,CROWDS,CRWDCheer
颂歌,CHEERING,CROWDS,CRWDCheer
课间休息,CHILDREN,CROWDS,CRWDChld
孩子们玩耍,CHILDREN,CROWDS,CRWDChld
玩游戏,CHILDREN,CROWDS,CRWDChld
捉人游戏,CHILDREN,CROWDS,CRWDChld
聊天,CONVERSATION,CROWDS,CRWDConv
稀疏的瓦拉,CONVERSATION,CROWDS,CRWDConv
电视节目,LAUGHTER,CROWDS,CRWDLaff
喜剧俱乐部,LAUGHTER,CROWDS,CRWDLaff
循环组,LOOP GROUP,CROWDS,CRWDLoop
ADR,LOOP GROUP,CROWDS,CRWDLoop
预录音效,LOOP GROUP,CROWDS,CRWDLoop
各种各样的,MISC,CROWDS,CRWDMisc
喃喃自语,QUIET,CROWDS,CRWDQuiet
嘘寒问暖,QUIET,CROWDS,CRWDQuiet
喃喃自语,QUIET,CROWDS,CRWDQuiet
圣歌,SINGING,CROWDS,CRWDSing
颂歌,SINGING,CROWDS,CRWDSing
体育场,SPORT,CROWDS,CRWDSprt
观众,SPORT,CROWDS,CRWDSprt
奥运会,SPORT,CROWDS,CRWDSprt
呜呼声,SPORT,CROWDS,CRWDSprt
叽里呱啦,WALLA,CROWDS,CRWDWalla
低音潜水,BASS DIVE,DESIGNED,DSGNBass
下滑,BASS DIVE,DESIGNED,DSGNBass
低音下降,BASS DIVE,DESIGNED,DSGNBass
低音爆炸,BOOM,DESIGNED,DSGNBoom
铜管乐,BRAAM,DESIGNED,DSGNBram
氛围音,DRONE,DESIGNED,DSGNDron
不吉利,DRONE,DESIGNED,DSGNDron
难以忘怀,EERIE,DESIGNED,DSGNErie
空灵,ETHEREAL,DESIGNED,DSGNEthr
天上,ETHEREAL,DESIGNED,DSGNEthr
各种各样的,MISC,DESIGNED,DSGNMisc
立管,RISER,DESIGNED,DSGNRise
次谐波,RUMBLE,DESIGNED,DSGNRmbl
节奏律动,RHYTHMIC,DESIGNED,DSGNRythm
来源,SOURCE,DESIGNED,DSGNSrce
原始素材,SOURCE,DESIGNED,DSGNSrce
原始录音,SOURCE,DESIGNED,DSGNSrce
刺痛,STINGER,DESIGNED,DSGNStngr
预告片,STINGER,DESIGNED,DSGNStngr
戏剧化,STINGER,DESIGNED,DSGNStngr
模块化合成器,SYNTHETIC,DESIGNED,DSGNSynth
颗粒状,SYNTHETIC,DESIGNED,DSGNSynth
模拟合成器,SYNTHETIC,DESIGNED,DSGNSynth
模块化合成器,SYNTHETIC,DESIGNED,DSGNSynth
耳鸣,TONAL,DESIGNED,DSGNTonl
主观视角,TONAL,DESIGNED,DSGNTonl
经过处理的,VOCAL,DESIGNED,DSGNVocl
預告片中的嗖嗖,WHOOSH,DESIGNED,DSGNWhsh
跌倒,COLLAPSE,DESTRUCTION,DESTRClpse
各种各样的,MISC,DESTRUCTION,DESTRMisc
沉积物,DUST,DIRT & SAND,DIRTDust
各种各样的,MISC,DIRT & SAND,DIRTMisc
鸣沙,TONAL,DIRT & SAND,DIRTTonl
大教堂,ANTIQUE,DOORS,DOORAntq
厨柜,CABINET,DOORS,DOORCab
工具柜,CABINET,DOORS,DOORCab
地牢,CREAK,DOORS,DOORCreak
门吱吱声,CREAK,DOORS,DOORCreak
地牢,DUNGEON,DOORS,DOORDungn
巨物,DUNGEON,DOORS,DOORDungn
电动门,ELECTRIC,DOORS,DOORElec
车库门,ELECTRIC,DOORS,DOORElec
摄影棚门,ELECTRIC,DOORS,DOORElec
花园门,GATE,DOORS,DOORGate
栅栏门,GATE,DOORS,DOORGate
公园门,GATE,DOORS,DOORGate
铁路道口,GATE,DOORS,DOORGate
牛圈门,GATE,DOORS,DOORGate
农场门,GATE,DOORS,DOORGate
商店门,GLASS,DOORS,DOORGlas
海涯门,GLASS,DOORS,DOORGlas
法式门,GLASS,DOORS,DOORGlas
链锁,HARDWARE,DOORS,DOORHdwr
五金制品,HARDWARE,DOORS,DOORHdwr
撬锁,HARDWARE,DOORS,DOORHdwr
实验室门,HITECH,DOORS,DOORTech
闭门器,HYDRAULIC & PNEUMATIC,DOORS,DOORHydr
电动舱口,HYDRAULIC & PNEUMATIC,DOORS,DOORHydr
气阀门,HYDRAULIC & PNEUMATIC,DOORS,DOORHydr
卷轴门,METAL,DOORS,DOORMetl
保险库,METAL,DOORS,DOORMetl
各种各样的,MISC,DOORS,DOORMisc
厕所,PLASTIC,DOORS,DOORPlas
便器,PLASTIC,DOORS,DOORPlas
监狱门,PRISON,DOORS,DOORPrisn
栅栏门,PRISON,DOORS,DOORPrisn
玻璃推拉门,SLIDING,DOORS,DOORSlid
庭院门,SLIDING,DOORS,DOORSlid
淋浴门,SLIDING,DOORS,DOORSlid
地穴,STONE,DOORS,DOORSton
陵墓,STONE,DOORS,DOORSton
秘密入口,STONE,DOORS,DOORSton
沙龙门,SWINGING,DOORS,DOORSwng
走廊门,SWINGING,DOORS,DOORSwng
餐厅门,SWINGING,DOORS,DOORSwng
教堂讲坛门,SWINGING,DOORS,DOORSwng
抽屉架,METAL,DRAWERS,DRWRMetl
文件柜,METAL,DRAWERS,DRWRMetl
安全抽屉,METAL,DRAWERS,DRWRMetl
各种各样的,MISC,DRAWERS,DRWRMisc
零件箱,PLASTIC,DRAWERS,DRWRPlas
桌面整理器,PLASTIC,DRAWERS,DRWRPlas
厨房抽屉,WOOD,DRAWERS,DRWRWood
浴室抽屉,WOOD,DRAWERS,DRWRWood
磁暴线圈,ARC,ELECTRICITY,ELECArc
方舟,ARC,ELECTRICITY,ELECArc
触电,ARC,ELECTRICITY,ELECArc
地面嗡嗡声,BUZZ & HUM,ELECTRICITY,ELECBuzz
放大器嗡嗡声,BUZZ & HUM,ELECTRICITY,ELECBuzz
扬声器嗡嗡声,BUZZ & HUM,ELECTRICITY,ELECBuzz
感应嗡嗡声,BUZZ & HUM,ELECTRICITY,ELECBuzz
电抗器,ELECTROMAGNETIC,ELECTRICITY,ELECEmf
传染器,ELECTROMAGNETIC,ELECTRICITY,ELECEmf
感应器,ELECTROMAGNETIC,ELECTRICITY,ELECEmf
各种各样的,MISC,ELECTRICITY,ELECMisc
溅射,SPARKS,ELECTRICITY,ELECSprk
泰瑟枪,ZAP,ELECTRICITY,ELECZap
电击枪,ZAP,ELECTRICITY,ELECZap
触电,ZAP,ELECTRICITY,ELECZap
缰绳,BRIDLE & TACK,EQUIPMENT,EQUIPBridle
马具,BRIDLE & TACK,EQUIPMENT,EQUIPBridle
马鞍带,BRIDLE & TACK,EQUIPMENT,EQUIPBridle
宇航服,HITECH,EQUIPMENT,EQUIPTech
科技服装,HITECH,EQUIPMENT,EQUIPTech
各种各样的,MISC,EQUIPMENT,EQUIPMisc
登山,RECREATIONAL,EQUIPMENT,EQUIPRec
护肩,SPORT,EQUIPMENT,EQUIPSprt
护膝,SPORT,EQUIPMENT,EQUIPSprt
护腿带,SPORT,EQUIPMENT,EQUIPSprt
军警带,TACTICAL,EQUIPMENT,EQUIPTact
执勤腰带,TACTICAL,EQUIPMENT,EQUIPTact
弹药腰带,TACTICAL,EQUIPMENT,EQUIPTact
子弹带,TACTICAL,EQUIPMENT,EQUIPTact
爆炸实录,REAL,EXPLOSIONS,EXPLReal
呸声,DESIGNED,FARTS,FARTDsgn
软坐垫,DESIGNED,FARTS,FARTDsgn
腋窝,DESIGNED,FARTS,FARTDsgn
放屁袋,DESIGNED,FARTS,FARTDsgn
动物屁,MISC,FARTS,FARTMisc
动物放屁,MISC,FARTS,FARTMisc
人类放屁,REAL,FARTS,FARTReal
胀气,REAL,FARTS,FARTReal
扑哧,REAL,FARTS,FARTReal
嘟嘟,REAL,FARTS,FARTReal
人类屁,REAL,FARTS,FARTReal
跌倒,BODYFALL,FIGHT,FGHTBf
拉扯,BODYFALL,FIGHT,FGHTBf
身体猛击,BODYFALL,FIGHT,FGHTBf
擒,BODYFALL,FIGHT,FGHTBf
衣服摩擦,CLOTH,FIGHT,FGHTClth
撞击衣物,CLOTH,FIGHT,FGHTClth
抖衣料,CLOTH,FIGHT,FGHTClth
身体打击,IMPACT,FIGHT,FGHTImpt
斗殴,IMPACT,FIGHT,FGHTImpt
刺拳,IMPACT,FIGHT,FGHTImpt
各种各样的,MISC,FIGHT,FGHTMisc
灌丛火,BURNING,FIRE,FIREBurn
建筑火灾,BURNING,FIRE,FIREBurn
烈火,BURNING,FIRE,FIREBurn
回燃,BURST,FIRE,FIREBrst
龙火,BURST,FIRE,FIREBrst
巨大爆炸声,CRACKLE,FIRE,FIRECrkl
燃气烤架,GAS,FIRE,FIREGas
燃烧炉,GAS,FIRE,FIREGas
野营炉,GAS,FIRE,FIREGas
厨房炉灶,GAS,FIRE,FIREGas
火葬场,GAS,FIRE,FIREGas
燃气灶,GAS,FIRE,FIREGas
芝宝牌打火机,IGNITE,FIRE,FIREIgn
复燃,IGNITE,FIRE,FIREIgn
各种各样的,MISC,FIRE,FIREMisc
保险丝,SIZZLE,FIRE,FIRESizz
保险丝燃烧,SIZZLE,FIRE,FIRESizz
燃烧棍,TORCH,FIRE,FIRETrch
篝火灯,TORCH,FIRE,FIRETrch
火焰漩涡,TURBULENT,FIRE,FIRETurb
猛烈的火焰,TURBULENT,FIRE,FIRETurb
火焰龙卷风,TURBULENT,FIRE,FIRETurb
回流,TURBULENT,FIRE,FIRETurb
旺火,WHOOSH,FIRE,FIREWhsh
复燃,WHOOSH,FIRE,FIREWhsh
烟火,COMMERCIAL,FIREWORKS,FRWKComr
烟花汇演,COMMERCIAL,FIREWORKS,FRWKComr
各种各样的,MISC,FIREWORKS,FRWKMisc
m80,RECREATIONAL,FIREWORKS,FRWKRec
烟火,RECREATIONAL,FIREWORKS,FRWKRec
瓶火箭,RECREATIONAL,FIREWORKS,FRWKRec
幻影烟花,RECREATIONAL,FIREWORKS,FRWKRec
罗马蜡烛,RECREATIONAL,FIREWORKS,FRWKRec
波普尔,RECREATIONAL,FIREWORKS,FRWKRec
樱桃炸弹,RECREATIONAL,FIREWORKS,FRWKRec
沙沙声,CLOTH,FOLEY,FOLYClth
表地面,FEET,FOLEY,FOLYFeet
各种各样的,MISC,FOLEY,FOLYMisc
切碎,COOKING,FOOD & DRINK,FOODCook
切丁,COOKING,FOOD & DRINK,FOODCook
调和,COOKING,FOOD & DRINK,FOODCook
煮,COOKING,FOOD & DRINK,FOODCook
烤,COOKING,FOOD & DRINK,FOODCook
炖,COOKING,FOOD & DRINK,FOODCook
啜饮,DRINKING,FOOD & DRINK,FOODDrnk
小口喝,DRINKING,FOOD & DRINK,FOODDrnk
啧水,DRINKING,FOOD & DRINK,FOODDrnk
喝饮料,DRINKING,FOOD & DRINK,FOODDrnk
痛饮,DRINKING,FOOD & DRINK,FOODDrnk
大口喝,DRINKING,FOOD & DRINK,FOODDrnk
吃,EATING,FOOD & DRINK,FOODEat
吞下,EATING,FOOD & DRINK,FOODEat
用力咀嚼,EATING,FOOD & DRINK,FOODEat
摄取,EATING,FOOD & DRINK,FOODEat
消耗,EATING,FOOD & DRINK,FOODEat
盛宴,EATING,FOOD & DRINK,FOODEat
玻璃水瓶,GLASSWARE,FOOD & DRINK,FOODGware
坚果,INGREDIENTS,FOOD & DRINK,FOODIngr
种子,INGREDIENTS,FOOD & DRINK,FOODIngr
水果,INGREDIENTS,FOOD & DRINK,FOODIngr
罐头食品,INGREDIENTS,FOOD & DRINK,FOODIngr
肉类,INGREDIENTS,FOOD & DRINK,FOODIngr
燕麦,INGREDIENTS,FOOD & DRINK,FOODIngr
炖锅,KITCHENWARE,FOOD & DRINK,FOODKware
汤锅,KITCHENWARE,FOOD & DRINK,FOODKware
各种各样的,MISC,FOOD & DRINK,FOODMisc
银器,TABLEWARE,FOOD & DRINK,FOODTware
筷,TABLEWARE,FOOD & DRINK,FOODTware
恐龙,CREATURE,FOOTSTEPS,FEETCrea
神话,CREATURE,FOOTSTEPS,FEETCrea
慢跑,HORSE,FOOTSTEPS,FEETHors
慢跑,HUMAN,FOOTSTEPS,FEETHmn
蹒跚,HUMAN,FOOTSTEPS,FEETHmn
爬,HUMAN,FOOTSTEPS,FEETHmn
各种各样的,MISC,FOOTSTEPS,FEETMisc
弹球,ARCADE,GAMES,GAMEArcd
打地鼠,ARCADE,GAMES,GAMEArcd
斯基球街机游戏,ARCADE,GAMES,GAMEArcd
爪机,ARCADE,GAMES,GAMEArcd
跳棋,BOARD,GAMES,GAMEBoard
围棋,BOARD,GAMES,GAMEBoard
西洋双陆棋,BOARD,GAMES,GAMEBoard
轮盘赌,CASINO,GAMES,GAMECas
钱轮,CASINO,GAMES,GAMECas
扑克机,CASINO,GAMES,GAMECas
jenga,MISC,GAMES,GAMEMisc
knucklebone,MISC,GAMES,GAMEMisc
atari,VIDEO,GAMES,GAMEVideo
ps4,VIDEO,GAMES,GAMEVideo
xbox 1,VIDEO,GAMES,GAMEVideo
xbox 360,VIDEO,GAMES,GAMEVideo
amstrad,VIDEO,GAMES,GAMEVideo
famicom,VIDEO,GAMES,GAMEVideo
snes,VIDEO,GAMES,GAMEVideo
gameboy,VIDEO,GAMES,GAMEVideo
任天堂64,VIDEO,GAMES,GAMEVideo
playstation,VIDEO,GAMES,GAMEVideo
世嘉游戏机,VIDEO,GAMES,GAMEVideo
psp,VIDEO,GAMES,GAMEVideo
蒸汽喷口,FUMAROLE,GEOTHERMAL,GEOFuma
喷气孔,FUMAROLE,GEOTHERMAL,GEOFuma
煮,GEYSER,GEOTHERMAL,GEOGeyser
粘稠,LAVA,GEOTHERMAL,GEOLava
火山,LAVA,GEOTHERMAL,GEOLava
泥罐,MUD POTS,GEOTHERMAL,GEOMudpot
油漆罐,MUD POTS,GEOTHERMAL,GEOMudpot
焦油坑,MUD POTS,GEOTHERMAL,GEOMudpot
糊状,MUD POTS,GEOTHERMAL,GEOMudpot
玻璃破碎,BREAK,GLASS,GLASBrk
残骸,CRASH & DEBRIS,GLASS,GLASCrsh
挤碎,FRICTION,GLASS,GLASFric
嘎吱声,FRICTION,GLASS,GLASFric
抓握,HANDLE,GLASS,GLASHndl
各种各样的,MISC,GLASS,GLASMisc
嘎嘎声,MOVEMENT,GLASS,GLASMvmt
滚动声,MOVEMENT,GLASS,GLASMvmt
砰砰声,MOVEMENT,GLASS,GLASMvmt
咔嗒声,MOVEMENT,GLASS,GLASMvmt
玻璃口琴,TONAL,GLASS,GLASTonl
水晶碗,TONAL,GLASS,GLASTonl
涌,BLOOD,GORE,GOREBlood
骨头粉碎,BONE,GORE,GOREBone
下巴咬合,BONE,GORE,GOREBone
下巴,BONE,GORE,GOREBone
颌骨,BONE,GORE,GOREBone
各种各样的,MISC,GORE,GOREMisc
粘液,OOZE,GORE,GOREOoze
胶原蛋白/水解胶原蛋白,OOZE,GORE,GOREOoze
粘液,SOURCE,GORE,GORESrce
粘液,SOURCE,GORE,GORESrce
黏糊,SOURCE,GORE,GORESrce
肠子,SOURCE,GORE,GORESrce
粘液,SOURCE,GORE,GORESrce
啪嗒,SOURCE,GORE,GORESrce
穿刺,SOURCE,GORE,GORESrce
粘液,SPLAT,GORE,GORESplt
渗血,SPLAT,GORE,GORESplt
肠子,SPLAT,GORE,GORESplt
粘液,SQUISH,GORE,GORESqsh
枪口装填器,ANTIQUE,GUNS,GUNAntq
燧发枪,ANTIQUE,GUNS,GUNAntq
长步枪,ANTIQUE,GUNS,GUNAntq
火枪,ANTIQUE,GUNS,GUNAntq
榴弹炮,ARTILLERY,GUNS,GUNArtl
导弹发射器,ARTILLERY,GUNS,GUNArtl
ak-47,AUTOMATIC,GUNS,GUNAuto
m16,AUTOMATIC,GUNS,GUNAuto
汤米枪,AUTOMATIC,GUNS,GUNAuto
uzi,AUTOMATIC,GUNS,GUNAuto
m249,AUTOMATIC,GUNS,GUNAuto
M1919,AUTOMATIC,GUNS,GUNAuto
手炮,CANNON,GUNS,GUNCano
枪套,HANDLE,GUNS,GUNHndl
抢枪,HANDLE,GUNS,GUNHndl
擦枪,HANDLE,GUNS,GUNHndl
枪掉落,HANDLE,GUNS,GUNHndl
装弹,HANDLE,GUNS,GUNHndl
间谍枪,HITECH,GUNS,GUNTech
击发,MECHANISM,GUNS,GUNMech
信号枪,MISC,GUNS,GUNMisc
彩弹枪,MISC,GUNS,GUNMisc
9 毫米手枪,PISTOL,GUNS,GUNPis
格洛克手枪,PISTOL,GUNS,GUNPis
柯尔特左轮手枪,PISTOL,GUNS,GUNPis
布朗宁自动步枪,PISTOL,GUNS,GUNPis
贝雷塔手枪,PISTOL,GUNS,GUNPis
毛瑟枪,RIFLE,GUNS,GUNRif
阿里萨卡步枪,RIFLE,GUNS,GUNRif
狙击手,RIFLE,GUNS,GUNRif
狩猎,RIFLE,GUNS,GUNRif
双枪管,SHOTGUN,GUNS,GUNShotg
马车枪,SHOTGUN,GUNS,GUNShotg
雾喇叭,AIR POWERED,HORNS,HORNAir
气喇叭,AIR POWERED,HORNS,HORNAir
工厂喇叭,AIR POWERED,HORNS,HORNAir
派对号角,CELEBRATION,HORNS,HORNCele
单音喇叭,CELEBRATION,HORNS,HORNCele
打猎叫,MISC,HORNS,HORNMisc
麋鹿叫,MISC,HORNS,HORNMisc
鸭叫,MISC,HORNS,HORNMisc
狐狸号角,MISC,HORNS,HORNMisc
羊角号,TRADITIONAL,HORNS,HORNTrad
海螺壳,TRADITIONAL,HORNS,HORNTrad
战斗号角,TRADITIONAL,HORNS,HORNTrad
高山号,TRADITIONAL,HORNS,HORNTrad
高山号角,TRADITIONAL,HORNS,HORNTrad
阿尔卑斯号角,TRADITIONAL,HORNS,HORNTrad
喘鸣声,BREATH,HUMAN,HMNBrth
咳喘,BREATH,HUMAN,HMNBrth
嗳气,BURP,HUMAN,HMNBurp
心悸,HEARTBEAT,HUMAN,HMNHart
手脚麻木,HEARTBEAT,HUMAN,HMNHart
轻吻,KISS,HUMAN,HMNKiss
各种各样的,MISC,HUMAN,HMNMisc
尿尿,PEE,HUMAN,HMNPee
小便,PEE,HUMAN,HMNPee
尿,PEE,HUMAN,HMNPee
撒尿,PEE,HUMAN,HMNPee
痒,SKIN,HUMAN,HMNSkin
手抓,SKIN,HUMAN,HMNSkin
挠背,SKIN,HUMAN,HMNSkin
打喷嚏,SNEEZE,HUMAN,HMNSneez
阿嚏,SNEEZE,HUMAN,HMNSneez
闻,SNIFF,HUMAN,HMNSniff
吸鼻子,SNIFF,HUMAN,HMNSniff
打呼噜,SNORE,HUMAN,HMNSnor
zzz,SNORE,HUMAN,HMNSnor
呼吸急促,SNORE,HUMAN,HMNSnor
窒息,SNORE,HUMAN,HMNSnor
吐痰,SPIT,HUMAN,HMNSpit
吐出,SPIT,HUMAN,HMNSpit
痰盂,SPIT,HUMAN,HMNSpit
流口水,SPIT,HUMAN,HMNSpit
吐出,VOMIT,HUMAN,HMNVomit
呕吐物,VOMIT,HUMAN,HMNVomit
反胃,VOMIT,HUMAN,HMNVomit
恶心,VOMIT,HUMAN,HMNVomit
干呕,VOMIT,HUMAN,HMNVomit
晕车,VOMIT,HUMAN,HMNVomit
摔碎,CRASH & DEBRIS,ICE,ICECrsh
嘎吱声,FRICTION,ICE,ICEFric
尖锐声,FRICTION,ICE,ICEFric
捡起,HANDLE,ICE,ICEHndl
叮当声,IMPACT,ICE,ICEImpt
各种各样的,MISC,ICE,ICEMisc
伽马,BEAM,LASERS,LASRBeam
等离子武器,GUN,LASERS,LASRGun
各种各样的,MISC,LASERS,LASRMisc
嘎吱声,CREAK,LEATHER,LETHRCreak
捡起,HANDLE,LEATHER,LETHRHndl
砰的一声,IMPACT,LEATHER,LETHRImpt
撞击声,IMPACT,LEATHER,LETHRImpt
各种各样的,MISC,LEATHER,LETHRMisc
沙沙声,MOVEMENT,LEATHER,LETHRMvmt
砰的一声,BUBBLES,LIQUID & MUD,LIQBubl
各种各样的,MISC,LIQUID & MUD,LIQMisc
软泥,MOVEMENT,LIQUID & MUD,LIQMvmt
粘液,MOVEMENT,LIQUID & MUD,LIQMvmt
粘性物,MOVEMENT,LIQUID & MUD,LIQMvmt
啜食,SUCTION,LIQUID & MUD,LIQSuct
咕噜声,SUCTION,LIQUID & MUD,LIQSuct
活塞,SUCTION,LIQUID & MUD,LIQSuct
皮搋,SUCTION,LIQUID & MUD,LIQSuct
爬梯,AMUSEMENT,MACHINES,MACHAmus
旋转椅,AMUSEMENT,MACHINES,MACHAmus
儿童骑行,AMUSEMENT,MACHINES,MACHAmus
主题公园小火车,AMUSEMENT,MACHINES,MACHAmus
弹球,AMUSEMENT,MACHINES,MACHAmus
滚球,AMUSEMENT,MACHINES,MACHAmus
橄榄压榨机,ANTIQUE,MACHINES,MACHAntq
黄油搅拌机,ANTIQUE,MACHINES,MACHAntq
搅拌机,APPLIANCE,MACHINES,MACHAppl
食物料理机,APPLIANCE,MACHINES,MACHAppl
电动开罐器,APPLIANCE,MACHINES,MACHAppl
垃圾处理机,APPLIANCE,MACHINES,MACHAppl
除湿机,APPLIANCE,MACHINES,MACHAppl
华夫饼机,APPLIANCE,MACHINES,MACHAppl
水泥搅拌机,CONSTRUCTION,MACHINES,MACHCnst
碎木机,CONSTRUCTION,MACHINES,MACHCnst
帕特诺斯特,ELEVATOR,MACHINES,MACHElev
货运电梯,ELEVATOR,MACHINES,MACHElev
乘客电梯,ELEVATOR,MACHINES,MACHElev
自动人行道,ESCALATOR,MACHINES,MACHEscl
箱式风扇,FAN,MACHINES,MACHFan
工业风扇,FAN,MACHINES,MACHFan
除草机,GARDEN,MACHINES,MACHGrdn
磨边机,GARDEN,MACHINES,MACHGrdn
修剪机,GARDEN,MACHINES,MACHGrdn
杆链锯,GARDEN,MACHINES,MACHGrdn
覆盖机,GARDEN,MACHINES,MACHGrdn
耕种机,GARDEN,MACHINES,MACHGrdn
踏步机,GYM,MACHINES,MACHGym
健身自行车,GYM,MACHINES,MACHGym
健身脚踏车,GYM,MACHINES,MACHGym
诺迪克跑步机,GYM,MACHINES,MACHGym
踏步台阶机。,GYM,MACHINES,MACHGym
小工具,HITECH,MACHINES,MACHTech
冷风机,HVAC,MACHINES,MACHHvac
暖气。,HVAC,MACHINES,MACHHvac
液压机,INDUSTRIAL,MACHINES,MACHInd
装配线,INDUSTRIAL,MACHINES,MACHInd
流水线,INDUSTRIAL,MACHINES,MACHInd
酿酒厂,INDUSTRIAL,MACHINES,MACHInd
蒸馏机,INDUSTRIAL,MACHINES,MACHInd
压力机,INDUSTRIAL,MACHINES,MACHInd
拼图盒,MECHANISM,MACHINES,MACHMech
谜盒,MECHANISM,MACHINES,MACHMech
谜箱,MECHANISM,MACHINES,MACHMech
鲁布·戈德堡,MECHANISM,MACHINES,MACHMech
小玩意,MECHANISM,MACHINES,MACHMech
X 光机,MEDICAL,MACHINES,MACHMed
CT机,MEDICAL,MACHINES,MACHMed
照影机,MEDICAL,MACHINES,MACHMed
血压仪,MEDICAL,MACHINES,MACHMed
实验室测试机,MEDICAL,MACHINES,MACHMed
各种各样的,MISC,MACHINES,MACHMisc
传真电话,OFFICE,MACHINES,MACHOffc
施乐,OFFICE,MACHINES,MACHOffc
影印机,OFFICE,MACHINES,MACHOffc
油印机,OFFICE,MACHINES,MACHOffc
喷墨打印机,OFFICE,MACHINES,MACHOffc
绘图仪,OFFICE,MACHINES,MACHOffc
污水泵,PUMP,MACHINES,MACHPump
空气压缩机,PUMP,MACHINES,MACHPump
神圣的,ANGELIC,MAGIC,MAGAngl
天上的,ANGELIC,MAGIC,MAGAngl
空灵的,ANGELIC,MAGIC,MAGAngl
神的,ANGELIC,MAGIC,MAGAngl
精神的,ANGELIC,MAGIC,MAGAngl
祝福的,ANGELIC,MAGIC,MAGAngl
正义的,ANGELIC,MAGIC,MAGAngl
圣洁的,ANGELIC,MAGIC,MAGAngl
死灵法术,EVIL,MAGIC,MAGEvil
巫毒术,EVIL,MAGIC,MAGEvil
黑魔法,EVIL,MAGIC,MAGEvil
禁止,EVIL,MAGIC,MAGEvil
禁术,EVIL,MAGIC,MAGEvil
各种各样的,MISC,MAGIC,MAGMisc
噗的一声,POOF,MAGIC,MAGPoof
砰的一声,POOF,MAGIC,MAGPoof
爆破声,POOF,MAGIC,MAGPoof
闪闪发光,SHIMMER,MAGIC,MAGShim
树铃,SHIMMER,MAGIC,MAGShim
巫师,SPELL,MAGIC,MAGSpel
魔术师,SPELL,MAGIC,MAGSpel
妖术,SPELL,MAGIC,MAGSpel
祈求,SPELL,MAGIC,MAGSpel
祈祷,SPELL,MAGIC,MAGSpel
恍惚,SPELL,MAGIC,MAGSpel
魅惑,SPELL,MAGIC,MAGSpel
卡合,CLICK,MECHANICAL,MECHClik
嵌齿轮,GEARS,MECHANICAL,MECHGear
小齿轮,GEARS,MECHANICAL,MECHGear
齿条,GEARS,MECHANICAL,MECHGear
传动装置,GEARS,MECHANICAL,MECHGear
轮齿,GEARS,MECHANICAL,MECHGear
大齿轮,GEARS,MECHANICAL,MECHGear
闩锁,LATCH,MECHANICAL,MECHLtch
硬件,LATCH,MECHANICAL,MECHLtch
撞击声,LEVER,MECHANICAL,MECHLvr
叮当声,LEVER,MECHANICAL,MECHLvr
挂锁,LOCK,MECHANICAL,MECHLock
死锁,LOCK,MECHANICAL,MECHLock
门栓,LOCK,MECHANICAL,MECHLock
各种各样的,MISC,MECHANICAL,MECHMisc
尖叫声,FRICTION,METAL,METLFric
撞击声,IMPACT,METAL,METLImpt
叮当声,IMPACT,METAL,METLImpt
各种各样的,MISC,METAL,METLMisc
嘎拉嘎拉,MOVEMENT,METAL,METLMvmt
怪的,TONAL,METAL,METLTonl
噌的一声,TONAL,METAL,METLTonl
煤油发动机,ANTIQUE,MOTORS,MOTRAntq
石蜡发动机,ANTIQUE,MOTORS,MOTRAntq
燃气发动机,COMBUSTION,MOTORS,MOTRComb
二冲程发动机,COMBUSTION,MOTORS,MOTRComb
电动剃须刀,ELECTRIC,MOTORS,MOTRElec
电动马达,ELECTRIC,MOTORS,MOTRElec
垃圾处理器,ELECTRIC,MOTORS,MOTRElec
牙医钻头,ELECTRIC,MOTORS,MOTRElec
各种各样的,MISC,MOTORS,MOTRMisc
相机对焦,SERVO,MOTORS,MOTRSrvo
汽车天线,SERVO,MOTORS,MOTRSrvo
搬家,ACTIVITY,MOVEMENT,MOVEActv
开箱,ACTIVITY,MOVEMENT,MOVEActv
放牧,ANIMAL,MOVEMENT,MOVEAnml
践踏,ANIMAL,MOVEMENT,MOVEAnml
齐步走,CROWD,MOVEMENT,MOVECrwd
闲逛,CROWD,MOVEMENT,MOVECrwd
滑步,CROWD,MOVEMENT,MOVECrwd
扭打,CROWD,MOVEMENT,MOVECrwd
躺,CROWD,MOVEMENT,MOVECrwd
齐步走,HUMAN,MOVEMENT,MOVEHmn
闲逛,HUMAN,MOVEMENT,MOVEHmn
滑步,HUMAN,MOVEMENT,MOVEHmn
扭打,HUMAN,MOVEMENT,MOVEHmn
躺,HUMAN,MOVEMENT,MOVEHmn
蛆虫,INSECT,MOVEMENT,MOVEInsc
各种各样的,MISC,MOVEMENT,MOVEMisc
侧滑,PRESENCE,MOVEMENT,MOVEPres
拖着,PRESENCE,MOVEMENT,MOVEPres
轻微移动,PRESENCE,MOVEMENT,MOVEPres
管铃,BELLS,MUSICAL,MUSCBell
甘美兰,BELLS,MUSICAL,MUSCBell
颂钵,BELLS,MUSICAL,MUSCBell
手摇铃,BELLS,MUSICAL,MUSCBell
gamelan,BELLS,MUSICAL,MUSCBell
阿贡锣,BELLS,MUSICAL,MUSCBell
碗锣,BELLS,MUSICAL,MUSCBell
tam-tam,BELLS,MUSICAL,MUSCBell
行进圆号,BRASS,MUSICAL,MUSCBrass
短号,BRASS,MUSICAL,MUSCBrass
树铃,CHIME,MUSICAL,MUSCChim
福音,CHORAL,MUSICAL,MUSCChor
特雷门琴,EXPERIMENTAL,MUSICAL,MUSCExpr
玻璃琴,EXPERIMENTAL,MUSICAL,MUSCExpr
火风琴,EXPERIMENTAL,MUSICAL,MUSCExpr
斯特乐风迷你笔触琴,EXPERIMENTAL,MUSICAL,MUSCExpr
水晶琴,EXPERIMENTAL,MUSICAL,MUSCExpr
电动跳舞仙人掌,EXPERIMENTAL,MUSICAL,MUSCExpr
风弦琴,EXPERIMENTAL,MUSICAL,MUSCExpr
大键琴,KEYED,MUSICAL,MUSCKeyd
口风琴,KEYED,MUSICAL,MUSCKeyd
斯平纳琴,KEYED,MUSICAL,MUSCKeyd
电翼琴,KEYED,MUSICAL,MUSCKeyd
小键琴,KEYED,MUSICAL,MUSCKeyd
杜西冬琴,KEYED,MUSICAL,MUSCKeyd
音乐循环,LOOP,MUSICAL,MUSCLoop
采样循环,LOOP,MUSICAL,MUSCLoop
鼓循环,LOOP,MUSICAL,MUSCLoop
各种各样的,MISC,MUSICAL,MUSCMisc
锅鼓,PERCUSSION,MUSICAL,MUSCPerc
低音鼓,PERCUSSION,MUSICAL,MUSCPerc
底鼓,PERCUSSION,MUSICAL,MUSCPerc
颤音琴,PERCUSSION TUNED,MUSICAL,MUSCTnprc
铁琴,PERCUSSION TUNED,MUSICAL,MUSCTnprc
里拉铁片琴,PERCUSSION TUNED,MUSICAL,MUSCTnprc
钢鼓,PERCUSSION TUNED,MUSICAL,MUSCTnprc
马林巴琴,PERCUSSION TUNED,MUSICAL,MUSCTnprc
街头音乐家,PERFORMANCE,MUSICAL,MUSCPrfm
现场音乐会,PERFORMANCE,MUSICAL,MUSCPrfm
夜总会,PERFORMANCE,MUSICAL,MUSCPrfm
班卓琴,PLUCKED,MUSICAL,MUSCPluck
尤克里里,PLUCKED,MUSICAL,MUSCPluck
原声吉他,PLUCKED,MUSICAL,MUSCPluck
电贝斯,PLUCKED,MUSICAL,MUSCPluck
巴拉莱卡琴,PLUCKED,MUSICAL,MUSCPluck
西塔琴,PLUCKED,MUSICAL,MUSCPluck
拇指琴,PLUCKED,MUSICAL,MUSCPluck
巴拉莱卡琴,PLUCKED,MUSICAL,MUSCPluck
自动竖琴,PLUCKED,MUSICAL,MUSCPluck
科拉琴,PLUCKED,MUSICAL,MUSCPluck
鲁特琴,PLUCKED,MUSICAL,MUSCPluck
里拉琴,PLUCKED,MUSICAL,MUSCPluck
坦布拉琴,PLUCKED,MUSICAL,MUSCPluck
原始采样,SAMPLE,MUSICAL,MUSCSmpl
拨浪鼓,SHAKEN,MUSICAL,MUSCShake
雨声器,SHAKEN,MUSICAL,MUSCShake
椰铃,SHAKEN,MUSICAL,MUSCShake
沙蛋,SHAKEN,MUSICAL,MUSCShake
羊蹄拨浪鼓,SHAKEN,MUSICAL,MUSCShake
拉格琴,SHAKEN,MUSICAL,MUSCShake
katsa,SHAKEN,MUSICAL,MUSCShake
摇铃,SHAKEN,MUSICAL,MUSCShake
沙鈴,SHAKEN,MUSICAL,MUSCShake
铁沙铃,SHAKEN,MUSICAL,MUSCShake
自动演奏钢琴,SONG & PHRASE,MUSICAL,MUSCSong
汽车音响,SONG & PHRASE,MUSICAL,MUSCSong
音乐短乐句,STINGER,MUSICAL,MUSCStngr
新闻短乐句,STINGER,MUSICAL,MUSCStngr
标题乐句,STINGER,MUSICAL,MUSCStngr
穆格,SYNTHESIZED,MUSICAL,MUSCSynth
卡西欧,SYNTHESIZED,MUSICAL,MUSCSynth
罗兰,SYNTHESIZED,MUSICAL,MUSCSynth
oberheim,SYNTHESIZED,MUSICAL,MUSCSynth
迷你穆格,SYNTHESIZED,MUSICAL,MUSCSynth
科音,SYNTHESIZED,MUSICAL,MUSCSynth
短笛,WOODWIND,MUSICAL,MUSCWind
巴松管,WOODWIND,MUSICAL,MUSCWind
录音机（竖笛）,WOODWIND,MUSICAL,MUSCWind
低音单簧管,WOODWIND,MUSICAL,MUSCWind
纳伊笛,WOODWIND,MUSICAL,MUSCWind
印度班苏里笛,WOODWIND,MUSICAL,MUSCWind
卡瓦尔木笛,WOODWIND,MUSICAL,MUSCWind
排箫,WOODWIND,MUSICAL,MUSCWind
箫,WOODWIND,MUSICAL,MUSCWind
菲菲笛,WOODWIND,MUSICAL,MUSCWind
隆隆作响,EARTHQUAKE,NATURAL DISASTER,NATDQuak
低频声,EARTHQUAKE,NATURAL DISASTER,NATDQuak
各种各样的,MISC,NATURAL DISASTER,NATDMisc
水龙卷,TORNADO,NATURAL DISASTER,NATDTorn
龙吸水,TORNADO,NATURAL DISASTER,NATDTorn
喷发,VOLCANO,NATURAL DISASTER,NATDVolc
岩浆,VOLCANO,NATURAL DISASTER,NATDVolc
熔岩炸弹,VOLCANO,NATURAL DISASTER,NATDVolc
火山爆发,VOLCANO,NATURAL DISASTER,NATDVolc
火山碎屑,VOLCANO,NATURAL DISASTER,NATDVolc
双肩包,BAG,OBJECTS,OBJBag
相机包,BAG,OBJECTS,OBJBag
目录,BOOK,OBJECTS,OBJBook
教科书,BOOK,OBJECTS,OBJBook
册,BOOK,OBJECTS,OBJBook
圣经,BOOK,OBJECTS,OBJBook
出版,BOOK,OBJECTS,OBJBook
叮当声,COIN,OBJECTS,OBJCoin
钢镚儿,COIN,OBJECTS,OBJCoin
便士,COIN,OBJECTS,OBJCoin
五分钱,COIN,OBJECTS,OBJCoin
一毛钱,COIN,OBJECTS,OBJCoin
两毛五,COIN,OBJECTS,OBJCoin
硬纸盒,CONTAINER,OBJECTS,OBJCont
珠宝盒,CONTAINER,OBJECTS,OBJCont
塑料容器,CONTAINER,OBJECTS,OBJCont
特百惠,CONTAINER,OBJECTS,OBJCont
面包箱,CONTAINER,OBJECTS,OBJCont
药盒,CONTAINER,OBJECTS,OBJCont
睫毛膏,FASHION,OBJECTS,OBJFash
化妆品,FASHION,OBJECTS,OBJFash
饰带,FASHION,OBJECTS,OBJFash
眼线笔,FASHION,OBJECTS,OBJFash
太阳镜,FASHION,OBJECTS,OBJFash
大手帕,FASHION,OBJECTS,OBJFash
发带,FASHION,OBJECTS,OBJFash
长袍,FASHION,OBJECTS,OBJFash
手绢,FASHION,OBJECTS,OBJFash
真皮沙发,FURNITURE,OBJECTS,OBJFurn
双人沙发,FURNITURE,OBJECTS,OBJFurn
书柜,FURNITURE,OBJECTS,OBJFurn
花园雕塑,GARDEN,OBJECTS,OBJGrdn
喷壶,GARDEN,OBJECTS,OBJGrdn
喂鸟器,GARDEN,OBJECTS,OBJGrdn
堆肥器,GARDEN,OBJECTS,OBJGrdn
力量器械,GYM,OBJECTS,OBJGym
垫子,GYM,OBJECTS,OBJGym
举重床,GYM,OBJECTS,OBJGym
健身球,GYM,OBJECTS,OBJGym
推举椅,GYM,OBJECTS,OBJGym
阻力带,GYM,OBJECTS,OBJGym
壶铃,GYM,OBJECTS,OBJGym
健身球,GYM,OBJECTS,OBJGym
练习球,GYM,OBJECTS,OBJGym
家用的,HOUSEHOLD,OBJECTS,OBJHsehld
家,HOUSEHOLD,OBJECTS,OBJHsehld
皇冠,JEWELRY,OBJECTS,OBJJewl
耳环,JEWELRY,OBJECTS,OBJJewl
鼻饰,JEWELRY,OBJECTS,OBJJewl
吊坠,JEWELRY,OBJECTS,OBJJewl
领带针,JEWELRY,OBJECTS,OBJJewl
袖扣,JEWELRY,OBJECTS,OBJJewl
钥匙圈,KEYS,OBJECTS,OBJKey
钥匙扣,KEYS,OBJECTS,OBJKey
挂绳,KEYS,OBJECTS,OBJKey
手动血压计,MEDICAL,OBJECTS,OBJMed
橡胶手套,MEDICAL,OBJECTS,OBJMed
镊子,MEDICAL,OBJECTS,OBJMed
各种各样的,MISC,OBJECTS,OBJMisc
打孔机,OFFICE,OBJECTS,OBJOffc
纸托盘,OFFICE,OBJECTS,OBJOffc
压纸器,OFFICE,OBJECTS,OBJOffc
泡沫聚苯乙烯,PACKAGING,OBJECTS,OBJPack
泡沫填充物,PACKAGING,OBJECTS,OBJPack
泡沫包装,PACKAGING,OBJECTS,OBJPack
防蝇纸,TAPE,OBJECTS,OBJTape
胶水,TAPE,OBJECTS,OBJTape
包装胶带,TAPE,OBJECTS,OBJTape
胶布,TAPE,OBJECTS,OBJTape
电工胶带,TAPE,OBJECTS,OBJTape
透明胶带,TAPE,OBJECTS,OBJTape
双面胶带,TAPE,OBJECTS,OBJTape
沙沙声,UMBRELLA,OBJECTS,OBJUmbr
砰砰声,UMBRELLA,OBJECTS,OBJUmbr
手推车),WHEELED,OBJECTS,OBJWhled
婴儿推车,WHEELED,OBJECTS,OBJWhled
搬运车,WHEELED,OBJECTS,OBJWhled
轮床,WHEELED,OBJECTS,OBJWhled
五彩纸屑,FLUTTER,PAPER,PAPRFltr
细读,HANDLE,PAPER,PAPRHndl
纸张击打,IMPACT,PAPER,PAPRImpt
各种各样的,MISC,PAPER,PAPRMisc
尖叫声,FRICTION,PLASTIC,PLASFric
抓握,HANDLE,PLASTIC,PLASHndl
各种各样的,MISC,PLASTIC,PLASMisc
拨尺子,TONAL,PLASTIC,PLASTonl
拨塑料,TONAL,PLASTIC,PLASTonl
弹塑料,TONAL,PLASTIC,PLASTonl
玩塑料,TONAL,PLASTIC,PLASTonl
塑料乐器,TONAL,PLASTIC,PLASTonl
涼篷,CLOTH,RAIN,RAINClth
雨篷,CLOTH,RAIN,RAINClth
倾盆大雨,GENERAL,RAIN,RAIN
遮阳顶,GLASS,RAIN,RAINGlas
温室,GLASS,RAIN,RAINGlas
室内雨,INTERIOR,RAIN,RAINInt
挡风玻璃雨,INTERIOR,RAIN,RAINInt
屋顶雨,INTERIOR,RAIN,RAINInt
有机玻璃,PLASTIC,RAIN,RAINPlas
雨水落在植物,VEGETATION,RAIN,RAINVege
树叶和草地上,VEGETATION,RAIN,RAINVege
丛林或热带雨林的雨水落在植物叶子上,VEGETATION,RAIN,RAINVege
湖泊,WATER,RAIN,RAINWatr
自动机,MISC,ROBOTS,ROBTMisc
螺线管,MOVEMENT,ROBOTS,ROBTMvmt
哔哔声,VOCAL,ROBOTS,ROBTVox
口哨声,VOCAL,ROBOTS,ROBTVox
抓握,HANDLE,ROCKS,ROCKHndl
撞击声,IMPACT,ROCKS,ROCKImpt
各种各样的,MISC,ROCKS,ROCKMisc
嘎嘎声,MOVEMENT,ROCKS,ROCKMvmt
石质乐器,TONAL,ROCKS,ROCKTonl
玩石头,TONAL,ROCKS,ROCKTonl
拉紧,CREAK,ROPE,ROPECreak
拉扯,CREAK,ROPE,ROPECreak
抓握,HANDLE,ROPE,ROPEHndl
各种各样的,MISC,ROPE,ROPEMisc
分散,CRASH & DEBRIS,RUBBER,RUBRCrsh
抓握,HANDLE,RUBBER,RUBRHndl
各种各样的,MISC,RUBBER,RUBRMisc
科幻警报,ALARM,SCIFI,SCIAlrm
全屏,COMPUTER,SCIFI,SCICmpt
科幻门,DOOR,SCIFI,SCIDoor
涡流,ENERGY,SCIFI,SCIEnrg
转运体,ENERGY,SCIFI,SCIEnrg
全息图,ENERGY,SCIFI,SCIEnrg
能量冲击,IMPACT,SCIFI,SCIImpt
波浪能,IMPACT,SCIFI,SCIImpt
传送器,MACHINE,SCIFI,SCIMach
食物复制器,MACHINE,SCIFI,SCIMach
全息成像,MACHINE,SCIFI,SCIMach
三录仪,MECHANISM,SCIFI,SCIMech
科幻设备,MECHANISM,SCIFI,SCIMech
小发明,MECHANISM,SCIFI,SCIMech
各种各样的,MISC,SCIFI,SCIMisc
老式科幻,RETRO,SCIFI,SCIRetro
不明飞行物,SPACESHIP,SCIFI,SCIShip
战列巡洋舰,SPACESHIP,SCIFI,SCIShip
月球车,VEHICLE,SCIFI,SCIVeh
陆行艇,VEHICLE,SCIFI,SCIVeh
超速自行车,VEHICLE,SCIFI,SCIVeh
悬浮滑板,VEHICLE,SCIFI,SCIVeh
飞梭赛车,VEHICLE,SCIFI,SCIVeh
光剑,WEAPON,SCIFI,SCIWeap
异种武器,WEAPON,SCIFI,SCIWeap
雪球,CRASH & DEBRIS,SNOW,SNOWCrsh
雪崩,CRASH & DEBRIS,SNOW,SNOWCrsh
抓握,HANDLE,SNOW,SNOWHndl
雪球,IMPACT,SNOW,SNOWImpt
雪飘,IMPACT,SNOW,SNOWImpt
各种各样的,MISC,SNOW,SNOWMisc
壁球,COURT,SPORTS,SPRTCourt
无板篮球,COURT,SPORTS,SPRTCourt
壁球,COURT,SPORTS,SPRTCourt
躲避球,COURT,SPORTS,SPRTCourt
沙狐球,COURT,SPORTS,SPRTCourt
手球,COURT,SPORTS,SPRTCourt
长曲棍球,FIELD,SPORTS,SPRTField
空手道,GYM,SPORTS,SPRTGym
功夫,GYM,SPORTS,SPRTGym
滑板车,SKATE,SPORTS,SPRTSkate
撑杆跳,TRACK & FIELD,SPORTS,SPRTTrck
标枪投掷,TRACK & FIELD,SPORTS,SPRTTrck
水排球,WATER,SPORTS,SPRTWatr
风筝冲浪,WATER,SPORTS,SPRTWatr
水肺潜水,WATER,SPORTS,SPRTWatr
单板滑雪,WINTER,SPORTS,SPRTWntr
呜呜,WHOOSH,SWOOSHES,WHSH
耙子,GARDEN,TOOLS,TOOLGrdn
锄头,GARDEN,TOOLS,TOOLGrdn
铁锹,GARDEN,TOOLS,TOOLGrdn
扫把,GARDEN,TOOLS,TOOLGrdn
修剪剪刀,GARDEN,TOOLS,TOOLGrdn
花园叉,GARDEN,TOOLS,TOOLGrdn
园艺剪,GARDEN,TOOLS,TOOLGrdn
除草机,GARDEN,TOOLS,TOOLGrdn
撬棒,HAND,TOOLS,TOOLHand
刮刀,HAND,TOOLS,TOOLHand
各种各样的,MISC,TOOLS,TOOLMisc
手提钻,PNEUMATIC,TOOLS,TOOLPneu
气动工具,PNEUMATIC,TOOLS,TOOLPneu
气动棘轮,PNEUMATIC,TOOLS,TOOLPneu
圆锯,POWER,TOOLS,TOOLPowr
砂带机,POWER,TOOLS,TOOLPowr
槽刨机,POWER,TOOLS,TOOLPowr
电动螺丝刀,POWER,TOOLS,TOOLPowr
语音益智玩具,ELECTRONIC,TOYS,TOYElec
电子宠物,ELECTRONIC,TOYS,TOYElec
发条玩具,MECHANICAL,TOYS,TOYMech
玩具机器人,MECHANICAL,TOYS,TOYMech
发条玩具,MECHANICAL,TOYS,TOYMech
动作人偶,MISC,TOYS,TOYMisc
毛绒动物,MISC,TOYS,TOYMisc
火车门,DOOR,TRAINS,TRNDoor
地铁门,DOOR,TRAINS,TRNDoor
柴油火车,DIESEL,TRAINS,TRNDiesl
通勤列车,ELECTRIC,TRAINS,TRNElec
区域列车,ELECTRIC,TRAINS,TRNElec
城市线,ELECTRIC,TRAINS,TRNElec
城际列车,ELECTRIC,TRAINS,TRNElec
高科技列车,HIGH SPEED,TRAINS,TRNHspd
磁悬浮列车,HIGH SPEED,TRAINS,TRNHspd
单轨列车,HIGH SPEED,TRAINS,TRNHspd
超级高铁,HIGH SPEED,TRAINS,TRNHspd
子弹头列车,HIGH SPEED,TRAINS,TRNHspd
火车喇叭,HORN,TRAINS,TRNHorn
地铁喇叭,HORN,TRAINS,TRNHorn
通勤列车,INTERIOR,TRAINS,TRNInt
区域列车,INTERIOR,TRAINS,TRNInt
城市线,INTERIOR,TRAINS,TRNInt
城际列车,INTERIOR,TRAINS,TRNInt
单轨列车,INTERIOR,TRAINS,TRNInt
解耦,MECHANISM,TRAINS,TRNMech
各种各样的,MISC,TRAINS,TRNMisc
蒸汽火车,STEAM,TRAINS,TRNSteam
煤炭火车,STEAM,TRAINS,TRNSteam
快速铁路,SUBWAY,TRAINS,TRNSbwy
索道缆车,TRAM,TRAINS,TRNTram
抓地车,TRAM,TRAINS,TRNTram
电脑蜂鸣,BEEP,USER INTERFACE,UIBeep
手机蜂鸣,BEEP,USER INTERFACE,UIBeep
信息,DATA,USER INTERFACE,UIData
各种各样的,MISC,USER INTERFACE,UIMisc
草沙沙声,GRASS,VEGETATION,VEGEGras
干草,GRASS,VEGETATION,VEGEGras
叶漩涡,LEAVES,VEGETATION,VEGELeaf
叶堆,LEAVES,VEGETATION,VEGELeaf
树倒下,TREE,VEGETATION,VEGETree
树枝折断,TREE,VEGETATION,VEGETree
树枝折断,TREE,VEGETATION,VEGETree
汽车报警器,ALARM,VEHICLES,VEHAlrm
撤防,ALARM,VEHICLES,VEHAlrm
遥控钥匙,ALARM,VEHICLES,VEHAlrm
轿车,ANTIQUE,VEHICLES,VEHAntq
奥尔兹莫比尔,ANTIQUE,VEHICLES,VEHAntq
福特T型車,ANTIQUE,VEHICLES,VEHAntq
四轮车,ATV,VEHICLES,VEHAtv
三轮车,ATV,VEHICLES,VEHAtv
四轮车,ATV,VEHICLES,VEHAtv
沙滩越野车,ATV,VEHICLES,VEHAtv
斜躺自行车,BICYCLE,VEHICLES,VEHBike
双轮双座自行车,BICYCLE,VEHICLES,VEHBike
自从车越野赛,BICYCLE,VEHICLES,VEHBike
刹车异响,BRAKE,VEHICLES,VEHBrake
异响,BRAKE,VEHICLES,VEHBrake
摩擦声,BRAKE,VEHICLES,VEHBrake
刺耳声,BRAKE,VEHICLES,VEHBrake
城市巴士,BUS,VEHICLES,VEHBus
灰狗巴士,BUS,VEHICLES,VEHBus
长途巴士,BUS,VEHICLES,VEHBus
旅游巴士,BUS,VEHICLES,VEHBus
双层巴士,BUS,VEHICLES,VEHBus
挖土机,CONSTRUCTION,VEHICLES,VEHCnst
货车门,DOOR,VEHICLES,VEHDoor
卡车门,DOOR,VEHICLES,VEHDoor
两轮电动平衡车,ELECTRIC,VEHICLES,VEHElec
高尔夫球车,ELECTRIC,VEHICLES,VEHElec
电动滑板车,ELECTRIC,VEHICLES,VEHElec
电动摩托车,ELECTRIC,VEHICLES,VEHElec
特警车,EMERGENCY,VEHICLES,VEHEmrg
脱壳机,FARM,VEHICLES,VEHFarm
骑乘式割草机,FARM,VEHICLES,VEHFarm
大型钻机,FREIGHT,VEHICLES,VEHFrght
半卡车,FREIGHT,VEHICLES,VEHFrght
U-haul 卡车,FREIGHT,VEHICLES,VEHFrght
penske,FREIGHT,VEHICLES,VEHFrght
箱式卡车,FREIGHT,VEHICLES,VEHFrght
货运卡车,FREIGHT,VEHICLES,VEHFrght
汽车喇叭,HORN,VEHICLES,VEHHorn
车内饰,INTERIOR,VEHICLES,VEHInt
hoopty,JALOPY,VEHICLES,VEHJalop
旧车,JALOPY,VEHICLES,VEHJalop
错误启动,JALOPY,VEHICLES,VEHJalop
逆火,JALOPY,VEHICLES,VEHJalop
车窗曲柄,MECHANISM,VEHICLES,VEHMech
换档,MECHANISM,VEHICLES,VEHMech
APC,MILITARY,VEHICLES,VEHMil
装甲运兵车,MILITARY,VEHICLES,VEHMil
悍马,MILITARY,VEHICLES,VEHMil
吉普车,MILITARY,VEHICLES,VEHMil
雪地摩托,MISC,VEHICLES,VEHMisc
滑板车,MOTORCYCLE,VEHICLES,VEHMoto
vespa,MOTORCYCLE,VEHICLES,VEHMoto
摩托车越野赛,MOTORCYCLE,VEHICLES,VEHMoto
飙车,RACING,VEHICLES,VEHRace
indy,RACING,VEHICLES,VEHRace
方程式赛车,RACING,VEHICLES,VEHRace
纳斯卡,RACING,VEHICLES,VEHRace
大奖赛,RACING,VEHICLES,VEHRace
怪物卡车,RACING,VEHICLES,VEHRace
消防员,SIREN,VEHICLES,VEHSirn
轮胎打滑,SKID,VEHICLES,VEHSkid
引擎排气,SKID,VEHICLES,VEHSkid
悬架,SUSPENSION,VEHICLES,VEHSusp
减震弹簧,SUSPENSION,VEHICLES,VEHSusp
嘎嘎声,SUSPENSION,VEHICLES,VEHSusp
轮箍,TIRE,VEHICLES,VEHTire
轿车,TRUCK VAN & SUV,VEHICLES,VEHTruck
皮卡车,TRUCK VAN & SUV,VEHICLES,VEHTruck
SUV,TRUCK VAN & SUV,VEHICLES,VEHTruck
沙滩越野车,UTILITY,VEHICLES,VEHUtil
排座式全地形车,UTILITY,VEHICLES,VEHUtil
双人车,UTILITY,VEHICLES,VEHUtil
全地域越野车,UTILITY,VEHICLES,VEHUtil
福特皮卡,UTILITY,VEHICLES,VEHUtil
多功能车,UTILITY,VEHICLES,VEHUtil
驿马车,WAGON,VEHICLES,VEHWagn
木车,WAGON,VEHICLES,VEHWagn
自动窗,WINDOW,VEHICLES,VEHWndw
电动窗,WINDOW,VEHICLES,VEHWndw
外星语,ALIEN,VOICES,VOXAlien
大惊小怪,BABY,VOICES,VOXBaby
嘟囔,BABY,VOICES,VOXBaby
喝倒彩,CHEER,VOICES,VOXCheer
青少年,CHILD,VOICES,VOXChld
噘嘴,CRYING,VOICES,VOXCry
啜泣,CRYING,VOICES,VOXCry
抽噎,CRYING,VOICES,VOXCry
大惊小怪,CRYING,VOICES,VOXCry
努力,EFFORTS,VOICES,VOXEfrt
哼唧声,EFFORTS,VOICES,VOXEfrt
拼搏,EFFORTS,VOICES,VOXEfrt
竭力,EFFORTS,VOICES,VOXEfrt
音响喇叭,FUTZED,VOICES,VOXFutz
公共演讲,FUTZED,VOICES,VOXFutz
公告,FUTZED,VOICES,VOXFutz
扩声器,FUTZED,VOICES,VOXFutz
演讲,HISTORICAL,VOICES,VOXHist
演讲,HISTORICAL,VOICES,VOXHist
抿嘴笑,LAUGH,VOICES,VOXLaff
嗬嗬,LAUGH,VOICES,VOXLaff
各种各样的,MISC,VOICES,VOXMisc
喔,REACTION,VOICES,VOXReac
啊哈,REACTION,VOICES,VOXReac
嗯哦,REACTION,VOICES,VOXReac
唔哼,REACTION,VOICES,VOXReac
呃,REACTION,VOICES,VOXReac
跌倒,SCREAM,VOICES,VOXScrm
喃喃自语,WHISPER,VOICES,VOXWhsp
煨,BUBBLES,WATER,WATRBubl
粘液,BUBBLES,WATER,WATRBubl
汩汩地流,DRAIN,WATER,WATRDran
潺潺声,DRAIN,WATER,WATRDran
雨水渠,DRAIN,WATER,WATRDran
扑通声,DRIP,WATER,WATRDrip
涓涓细流,DRIP,WATER,WATRDrip
渗漏,DRIP,WATER,WATRDrip
溪,FLOW,WATER,WATRFlow
溪,FLOW,WATER,WATRFlow
支流,FLOW,WATER,WATRFlow
溪,FLOW,WATER,WATRFlow
泼洒,IMPACT,WATER,WATRImpt
巨浪,IMPACT,WATER,WATRImpt
拍打冲刷,LAP,WATER,WATRLap
各种各样的,MISC,WATER,WATRMisc
玩水,MOVEMENT,WATER,WATRMvmt
溅水,MOVEMENT,WATER,WATRMvmt
扫水,MOVEMENT,WATER,WATRMvmt
踏水,MOVEMENT,WATER,WATRMvmt
马桶冲水,PLUMBING,WATER,WATRPlmb
喷头,PLUMBING,WATER,WATRPlmb
倒出,POUR,WATER,WATRPour
淌水,SPLASH,WATER,WATRSplsh
泼洒,SPLASH,WATER,WATRSplsh
淹没,SPLASH,WATER,WATRSplsh
雾气,STEAM,WATER,WATRStm
湿气,STEAM,WATER,WATRStm
溅射,STEAM,WATER,WATRStm
海岸线,SURF,WATER,WATRSurf
沙滩,SURF,WATER,WATRSurf
波浪池,TURBULENT,WATER,WATRTurb
急流,TURBULENT,WATER,WATRTurb
涡流,TURBULENT,WATER,WATRTurb
湍流,UNDERWATER,WATER,WATRUndwtr
暗流,UNDERWATER,WATER,WATRUndwtr
梯级瀑布,WATERFALL,WATER,WATRFall
防波堤,WAVE,WATER,WATRWave
叠浪,WAVE,WATER,WATRWave
锁子甲,ARMOR,WEAPONS,WEAPArmr
胸甲,ARMOR,WEAPONS,WEAPArmr
护具,ARMOR,WEAPONS,WEAPArmr
箭栓,ARROW,WEAPONS,WEAPArro
箭羽,ARROW,WEAPONS,WEAPArro
砍刀,AXE,WEAPONS,WEAPAxe
飞斧,AXE,WEAPONS,WEAPAxe
棒球棍,BLUNT,WEAPONS,WEAPBlnt
狼牙棒,BLUNT,WEAPONS,WEAPBlnt
球链,BLUNT,WEAPONS,WEAPBlnt
双节棍,BLUNT,WEAPONS,WEAPBlnt
战锤,BLUNT,WEAPONS,WEAPBlnt
壁板,BLUNT,WEAPONS,WEAPBlnt
铜指关节,BLUNT,WEAPONS,WEAPBlnt
连枷,BLUNT,WEAPONS,WEAPBlnt
长弓,BOW,WEAPONS,WEAPBow
弩,BOW,WEAPONS,WEAPBow
蝴蝶刀,KNIFE,WEAPONS,WEAPKnif
切肉刀,KNIFE,WEAPONS,WEAPKnif
战刀,KNIFE,WEAPONS,WEAPKnif
厨师刀,KNIFE,WEAPONS,WEAPKnif
弹弓,MISC,WEAPONS,WEAPMisc
长枪,POLEARM,WEAPONS,WEAPPole
鱼叉,POLEARM,WEAPONS,WEAPPole
戟,POLEARM,WEAPONS,WEAPPole
长柄斧,POLEARM,WEAPONS,WEAPPole
长柄斧,POLEARM,WEAPONS,WEAPPole
弹射器,SIEGE,WEAPONS,WEAPSiege
投石机,SIEGE,WEAPONS,WEAPSiege
攻城锤,SIEGE,WEAPONS,WEAPSiege
弩炮,SIEGE,WEAPONS,WEAPSiege
攻城塔,SIEGE,WEAPONS,WEAPSiege
阔剑,SWORD,WEAPONS,WEAPSwrd
细剑,SWORD,WEAPONS,WEAPSwrd
武士刀,SWORD,WEAPONS,WEAPSwrd
击剑剑,SWORD,WEAPONS,WEAPSwrd
武士刀,SWORD,WEAPONS,WEAPSwrd
大砍刀,SWORD,WEAPONS,WEAPSwrd
维京剑,SWORD,WEAPONS,WEAPSwrd
唐刀,SWORD,WEAPONS,WEAPSwrd
金属薄片,SWORD,WEAPONS,WEAPSwrd
牛鞭,WHIP,WEAPONS,WEAPWhip
马鞭,WHIP,WEAPONS,WEAPWhip
皮鞭,WHIP,WEAPONS,WEAPWhip
各种各样的,MISC,WEATHER,WTHR
恶劣天气,STORM,WEATHER,STORM
霹雳,THUNDER,WEATHER,THUN
炸雷,THUNDER,WEATHER,THUN
滚雷,THUNDER,WEATHER,THUN
人浪,HUMAN,WHISTLES,WHSTHmn
声浪,HUMAN,WHISTLES,WHSTHmn
狼哨,HUMAN,WHISTLES,WHSTHmn
船笛,MECHANICAL,WHISTLES,WHSTMech
嘟嘟,MECHANICAL,WHISTLES,WHSTMech
火车汽笛,MECHANICAL,WHISTLES,WHSTMech
鼻笛,MISC,WHISTLES,WHSTMisc
风力机,DESIGNED,WIND,WINDDsgn
合成的,DESIGNED,WIND,WINDDsgn
人工的,DESIGNED,WIND,WINDDsgn
各种各样的,GENERAL,WIND,WIND
大风,GUST,WIND,WINDGust
小束,GUST,WIND,WINDGust
大风,GUST,WIND,WINDGust
乱舞,GUST,WIND,WINDGust
草稿,INTERIOR,WIND,WINDInt
狂风,TURBULENT,WIND,WINDTurb
沙沙声,VEGETATION,WIND,WINDVege
遮罩,COVERING,WINDOWS,WNDWCover
遮光罩,COVERING,WINDOWS,WNDWCover
窗户栓,HARDWARE,WINDOWS,WNDWHdwr
窗锁,HARDWARE,WINDOWS,WNDWHdwr
车窗密封条,HARDWARE,WINDOWS,WNDWHdwr
窗格,KNOCK,WINDOWS,WNDWKnck
金属框架,METAL,WINDOWS,WNDWMetl
各种各样的,MISC,WINDOWS,WNDWMisc
塑料框架,PLASTIC,WINDOWS,WNDWPlas
鸟翼,BIRD,WINGS,WINGBird
龙翼,CREATURE,WINGS,WINGCrea
仙女翼,CREATURE,WINGS,WINGCrea
狮鹫翼,CREATURE,WINGS,WINGCrea
狮身人面像翼,CREATURE,WINGS,WINGCrea
天使翼,CREATURE,WINGS,WINGCrea
凤凰翼,CREATURE,WINGS,WINGCrea
巨鸟翼,CREATURE,WINGS,WINGCrea
蜻蜓,INSECT,WINGS,WINGInsc
蛾,INSECT,WINGS,WINGInsc
蝴蝶,INSECT,WINGS,WINGInsc
甲虫,INSECT,WINGS,WINGInsc
圣甲虫,INSECT,WINGS,WINGInsc
蝗虫,INSECT,WINGS,WINGInsc
各种各样的,MISC,WINGS,WINGMisc
尖叫声,FRICTION,WOOD,WOODFric
各种各样的,MISC,WOOD,WOODMisc
拔剑,TONAL,WOOD,WOODTonl
瑜伽,TONAL,WOOD,WOODTonl
音律,TONAL,WOOD,WOODTonl
