case_id,input_text,current_fxname,current_status,unknown_tokens,review_tokens,suggested_raw,suggested_canonical,suggested_slot,suggestion_type,decision,decision_reason,source,priority,next_action
001,木门滑开,Wood Door Slide Open,pass,,,,,,no_action,pending,normalize_result_accepted;case_source=tests/zh_fxname_governance_cases_150.csv,batch_test_candidate,0,ignore
002,金属门撞击,Metal Door Impact,pass,,,,,,no_action,pending,normalize_result_accepted;case_source=tests/zh_fxname_governance_cases_150.csv,batch_test_candidate,0,ignore
003,抽屉拉开又关上,Drawer Open Close,pass,,,,,,no_action,pending,normalize_result_accepted;case_source=tests/zh_fxname_governance_cases_150.csv,batch_test_candidate,0,ignore
004,保险箱拨轮转动,Turn,partial,保险箱拨轮,,保险箱拨轮,,,needs_human_decision,pending,canonical_mapping_uncertain;needs_human_decision;case_source=tests/zh_fxname_governance_cases_150.csv,batch_test_candidate,0,needs_user_review
004,保险箱拨轮转动,Turn,partial,保险箱拨轮,,转动,Turn,detail,slot_mismatch,pending,glossary_fallback_unknown_slot;expected_output_mismatch;case_source=tests/zh_fxname_governance_cases_150.csv,batch_test_candidate,0,adjust_rule
005,刮擦铁板,Metal Plate Scrape,pass,,,,,,no_action,pending,normalize_result_accepted;case_source=tests/zh_fxname_governance_cases_150.csv,batch_test_candidate,0,ignore
006,摩擦皮革,Leather Friction,pass,,,,,,no_action,pending,normalize_result_accepted;case_source=tests/zh_fxname_governance_cases_150.csv,batch_test_candidate,0,ignore
007,冰块刮擦冰砖,Ice Scrape Ice Brick,pass,,,,,,no_action,pending,normalize_result_accepted;case_source=tests/zh_fxname_governance_cases_150.csv,batch_test_candidate,0,ignore
008,锯木,Saw Wood,pass,,,,,,no_action,pending,normalize_result_accepted;case_source=tests/zh_fxname_governance_cases_150.csv,batch_test_candidate,0,ignore
009,塑料盒掉落,Plastic Box Drop,pass,,,,,,no_action,pending,normalize_result_accepted;case_source=tests/zh_fxname_governance_cases_150.csv,batch_test_candidate,0,ignore
010,倒水入玻璃杯,Pour Water Glass,partial,入;杯,,倒水入玻璃杯,Pour Water Into Glass,phrase,phrase_missing,pending,multiple_unresolved_tokens;needs_human_decision;case_source=tests/zh_fxname_governance_cases_150.csv,batch_test_candidate,0,add_phrase_candidate
011,轮胎摩擦,Tire Friction,pass,,,,,,no_action,pending,normalize_result_accepted;case_source=tests/zh_fxname_governance_cases_150.csv,batch_test_candidate,0,ignore
012,拖动,Drag,pass,,,,,,no_action,pending,normalize_result_accepted;case_source=tests/zh_fxname_governance_cases_150.csv,batch_test_candidate,0,ignore
013,敲木门,Wood Door Knock,pass,,,,,,no_action,pending,normalize_result_accepted;case_source=tests/zh_fxname_governance_cases_150.csv,batch_test_candidate,0,ignore
014,晃链条,Chain Rattle,pass,,,,,,no_action,pending,normalize_result_accepted;case_source=tests/zh_fxname_governance_cases_150.csv,batch_test_candidate,0,ignore
015,剐蹭车漆,Scuff,partial,车漆,,车漆,,,needs_human_decision,pending,canonical_mapping_uncertain;needs_human_decision;case_source=tests/zh_fxname_governance_cases_150.csv,batch_test_candidate,0,needs_user_review
016,来回蹭地毯,Carpet Rub,pass,,,,,,no_action,pending,normalize_result_accepted;case_source=tests/zh_fxname_governance_cases_150.csv,batch_test_candidate,0,ignore
017,划金属表面,Scratch Metal,partial,表面,,表面,,,needs_human_decision,pending,canonical_mapping_uncertain;needs_human_decision;case_source=tests/zh_fxname_governance_cases_150.csv,batch_test_candidate,0,needs_user_review
018,砸地,Impact,partial,地,,地,,,needs_human_decision,pending,canonical_mapping_uncertain;needs_human_decision;case_source=tests/zh_fxname_governance_cases_150.csv,batch_test_candidate,0,needs_user_review
019,撞桌角,Impact,partial,桌角,,桌角,,,needs_human_decision,pending,canonical_mapping_uncertain;needs_human_decision;case_source=tests/zh_fxname_governance_cases_150.csv,batch_test_candidate,0,needs_user_review
020,抖布料,Cloth,partial,抖,,抖,,,needs_human_decision,pending,canonical_mapping_uncertain;needs_human_decision;case_source=tests/zh_fxname_governance_cases_150.csv,batch_test_candidate,0,needs_user_review
021,滚钢珠,Steel,partial,滚;珠,,滚钢珠,Steel Ball Roll,phrase,phrase_missing,pending,multiple_unresolved_tokens;needs_human_decision;case_source=tests/zh_fxname_governance_cases_150.csv,batch_test_candidate,0,add_phrase_candidate
022,转旋钮,Knob Turn,pass,,,,,,no_action,pending,normalize_result_accepted;case_source=tests/zh_fxname_governance_cases_150.csv,batch_test_candidate,0,ignore
023,开抽屉,Drawer,partial,开,,开,,,needs_human_decision,pending,canonical_mapping_uncertain;needs_human_decision;case_source=tests/zh_fxname_governance_cases_150.csv,batch_test_candidate,0,needs_user_review
024,关保险柜,Safe Close,pass,,,,,,no_action,pending,normalize_result_accepted;case_source=tests/zh_fxname_governance_cases_150.csv,batch_test_candidate,0,ignore
025,打,,needs_review,,打,,,,no_action,pending,canonical_review_row_exists=打;do_not_duplicate_raw;needs_human_decision;case_source=tests/zh_fxname_governance_cases_150.csv,batch_test_candidate,0,needs_user_review
026,击,,needs_review,,击,,,,no_action,pending,canonical_review_row_exists=击;do_not_duplicate_raw;needs_human_decision;case_source=tests/zh_fxname_governance_cases_150.csv,batch_test_candidate,0,needs_user_review
027,碰,,needs_review,,碰,,,,no_action,pending,canonical_review_row_exists=碰;do_not_duplicate_raw;needs_human_decision;case_source=tests/zh_fxname_governance_cases_150.csv,batch_test_candidate,0,needs_user_review
028,响,,needs_review,,响,,,,no_action,pending,canonical_review_row_exists=响;do_not_duplicate_raw;needs_human_decision;case_source=tests/zh_fxname_governance_cases_150.csv,batch_test_candidate,0,needs_user_review
029,动,,needs_review,,动,,,,no_action,pending,canonical_review_row_exists=动;do_not_duplicate_raw;needs_human_decision;case_source=tests/zh_fxname_governance_cases_150.csv,batch_test_candidate,0,needs_user_review
030,甩,,needs_review,,甩,,,,no_action,pending,canonical_review_row_exists=甩;do_not_duplicate_raw;needs_human_decision;case_source=tests/zh_fxname_governance_cases_150.csv,batch_test_candidate,0,needs_user_review
031,摔,,needs_review,,摔,,,,no_action,pending,canonical_review_row_exists=摔;do_not_duplicate_raw;needs_human_decision;case_source=tests/zh_fxname_governance_cases_150.csv,batch_test_candidate,0,needs_user_review
032,震,,unknown,震,,震,,,needs_human_decision,pending,canonical_mapping_uncertain;needs_human_decision;case_source=tests/zh_fxname_governance_cases_150.csv,batch_test_candidate,0,needs_user_review
033,抖,,unknown,抖,,抖,,,needs_human_decision,pending,canonical_mapping_uncertain;needs_human_decision;case_source=tests/zh_fxname_governance_cases_150.csv,batch_test_candidate,0,needs_user_review
034,破,,unknown,破,,破,,,needs_human_decision,pending,canonical_mapping_uncertain;needs_human_decision;case_source=tests/zh_fxname_governance_cases_150.csv,batch_test_candidate,0,needs_user_review
035,裂,,unknown,裂,,裂,,,needs_human_decision,pending,canonical_mapping_uncertain;needs_human_decision;case_source=tests/zh_fxname_governance_cases_150.csv,batch_test_candidate,0,needs_user_review
036,碎,,unknown,碎,,碎,,,needs_human_decision,pending,canonical_mapping_uncertain;needs_human_decision;case_source=tests/zh_fxname_governance_cases_150.csv,batch_test_candidate,0,needs_user_review
037,打门,Door Knock,pass,,,,,,no_action,pending,normalize_result_accepted;case_source=tests/zh_fxname_governance_cases_150.csv,batch_test_candidate,0,ignore
038,砸门,Door Bang,pass,,,,,,no_action,pending,normalize_result_accepted;case_source=tests/zh_fxname_governance_cases_150.csv,batch_test_candidate,0,ignore
039,打鼓,Drum Hit,pass,,,,,,no_action,pending,normalize_result_accepted;case_source=tests/zh_fxname_governance_cases_150.csv,batch_test_candidate,0,ignore
040,打枪,Gun Fire,pass,,,,,,no_action,pending,normalize_result_accepted;case_source=tests/zh_fxname_governance_cases_150.csv,batch_test_candidate,0,ignore
041,碰杯,Glass Clink,pass,,,,,,no_action,pending,normalize_result_accepted;case_source=tests/zh_fxname_governance_cases_150.csv,batch_test_candidate,0,ignore
042,轻碰桌边,Table Bump,pass,,,,,,no_action,pending,normalize_result_accepted;case_source=tests/zh_fxname_governance_cases_150.csv,batch_test_candidate,0,ignore
043,甩衣服,Cloth Flap,pass,,,,,,no_action,pending,normalize_result_accepted;case_source=tests/zh_fxname_governance_cases_150.csv,batch_test_candidate,0,ignore
044,甩鞭,Whip Crack,pass,,,,,,no_action,pending,normalize_result_accepted;case_source=tests/zh_fxname_governance_cases_150.csv,batch_test_candidate,0,ignore
045,金属响,Metal Resonance,pass,,,,,,no_action,pending,normalize_result_accepted;case_source=tests/zh_fxname_governance_cases_150.csv,batch_test_candidate,0,ignore
046,铃响,Bell Ring,pass,,,,,,no_action,pending,normalize_result_accepted;case_source=tests/zh_fxname_governance_cases_150.csv,batch_test_candidate,0,ignore
047,划过水面,Water,needs_review,面,划过,面,,,needs_human_decision,pending,canonical_mapping_uncertain;needs_human_decision;case_source=tests/zh_fxname_governance_cases_150.csv,batch_test_candidate,0,needs_user_review
047,划过水面,Water,needs_review,面,划过,,,,no_action,pending,canonical_review_row_exists=划过;do_not_duplicate_raw;needs_human_decision;case_source=tests/zh_fxname_governance_cases_150.csv,batch_test_candidate,0,needs_user_review
048,来回摩擦毛毯,Carpet Rub,pass,,,,,,no_action,pending,normalize_result_accepted;case_source=tests/zh_fxname_governance_cases_150.csv,batch_test_candidate,0,ignore
049,轻蹭墙皮,Light Rub,partial,墙皮,,墙皮,,,needs_human_decision,pending,canonical_mapping_uncertain;needs_human_decision;case_source=tests/zh_fxname_governance_cases_150.csv,batch_test_candidate,0,needs_user_review
050,敲黑板,Knock Plate,partial,黑,,黑,,,needs_human_decision,pending,canonical_mapping_uncertain;needs_human_decision;case_source=tests/zh_fxname_governance_cases_150.csv,batch_test_candidate,0,needs_user_review
050,敲黑板,Knock Plate,partial,黑,,板,Plate,detail,slot_mismatch,pending,glossary_fallback_unknown_slot;expected_output_mismatch;case_source=tests/zh_fxname_governance_cases_150.csv,batch_test_candidate,0,adjust_rule
051,打火机,Lighter Click,pass,,,,,,no_action,pending,normalize_result_accepted;case_source=tests/zh_fxname_governance_cases_150.csv,batch_test_candidate,0,ignore
052,打雷,Thunder Rumble,pass,,,,,,no_action,pending,normalize_result_accepted;case_source=tests/zh_fxname_governance_cases_150.csv,batch_test_candidate,0,ignore
053,打字,Keyboard Typing,pass,,,,,,no_action,pending,normalize_result_accepted;case_source=tests/zh_fxname_governance_cases_150.csv,batch_test_candidate,0,ignore
054,打水漂,Stone Skip Water,pass,,,,,,no_action,pending,normalize_result_accepted;case_source=tests/zh_fxname_governance_cases_150.csv,batch_test_candidate,0,ignore
055,打蛋,Egg Whisk,pass,,,,,,no_action,pending,normalize_result_accepted;case_source=tests/zh_fxname_governance_cases_150.csv,batch_test_candidate,0,ignore
056,打喷嚏,Sneeze,pass,,,,,,no_action,pending,normalize_result_accepted;case_source=tests/zh_fxname_governance_cases_150.csv,batch_test_candidate,0,ignore
057,打电话,Telephone,needs_review,,打,,,,no_action,pending,canonical_review_row_exists=打;do_not_duplicate_raw;needs_human_decision;case_source=tests/zh_fxname_governance_cases_150.csv,batch_test_candidate,0,needs_user_review
058,打包,,needs_review,包,打,包,,,needs_human_decision,pending,canonical_mapping_uncertain;needs_human_decision;case_source=tests/zh_fxname_governance_cases_150.csv,batch_test_candidate,0,needs_user_review
058,打包,,needs_review,包,打,,,,no_action,pending,canonical_review_row_exists=打;do_not_duplicate_raw;needs_human_decision;case_source=tests/zh_fxname_governance_cases_150.csv,batch_test_candidate,0,needs_user_review
059,打磨金属,Metal Grind,pass,,,,,,no_action,pending,normalize_result_accepted;case_source=tests/zh_fxname_governance_cases_150.csv,batch_test_candidate,0,ignore
060,打滑轮胎,Tire Skid,pass,,,,,,no_action,pending,normalize_result_accepted;case_source=tests/zh_fxname_governance_cases_150.csv,batch_test_candidate,0,ignore
061,碰到麦架,Mic Stand Bump,pass,,,,,,no_action,pending,normalize_result_accepted;case_source=tests/zh_fxname_governance_cases_150.csv,batch_test_candidate,0,ignore
062,碰倒玻璃杯,Glass Cup Knock Over,pass,,,,,,no_action,pending,normalize_result_accepted;case_source=tests/zh_fxname_governance_cases_150.csv,batch_test_candidate,0,ignore
063,石头互碰,Rock Clack,pass,,,,,,no_action,pending,normalize_result_accepted;case_source=tests/zh_fxname_governance_cases_150.csv,batch_test_candidate,0,ignore
064,塑料盒互碰,Plastic Box Clack,pass,,,,,,no_action,pending,normalize_result_accepted;case_source=tests/zh_fxname_governance_cases_150.csv,batch_test_candidate,0,ignore
065,金属杆相碰,Metal Rod Clank,pass,,,,,,no_action,pending,normalize_result_accepted;case_source=tests/zh_fxname_governance_cases_150.csv,batch_test_candidate,0,ignore
066,轻碰麦克风,Mic Bump,pass,,,,,,no_action,pending,normalize_result_accepted;case_source=tests/zh_fxname_governance_cases_150.csv,batch_test_candidate,0,ignore
067,碰撞测试,Impact Test Tone,pass,,,,,,no_action,pending,normalize_result_accepted;case_source=tests/zh_fxname_governance_cases_150.csv,batch_test_candidate,0,ignore
068,身体碰墙,Body Bump Wall,pass,,,,,,no_action,pending,normalize_result_accepted;case_source=tests/zh_fxname_governance_cases_150.csv,batch_test_candidate,0,ignore
069,头撞门,Impact Door,partial,头,,头,,,needs_human_decision,pending,canonical_mapping_uncertain;needs_human_decision;case_source=tests/zh_fxname_governance_cases_150.csv,batch_test_candidate,0,needs_user_review
070,膝盖碰桌子,Table,needs_review,膝盖,碰,膝盖碰桌子,Knee Bump Table,phrase,phrase_missing,pending,multiple_unresolved_tokens;needs_human_decision;case_source=tests/zh_fxname_governance_cases_150.csv,batch_test_candidate,0,add_phrase_candidate
071,门响,Door,needs_review,,响,,,,no_action,pending,canonical_review_row_exists=响;do_not_duplicate_raw;needs_human_decision;case_source=tests/zh_fxname_governance_cases_150.csv,batch_test_candidate,0,needs_user_review
072,链条响,Chain Rattle,pass,,,,,,no_action,pending,normalize_result_accepted;case_source=tests/zh_fxname_governance_cases_150.csv,batch_test_candidate,0,ignore
073,风扇响,Fan Whir,pass,,,,,,no_action,pending,normalize_result_accepted;case_source=tests/zh_fxname_governance_cases_150.csv,batch_test_candidate,0,ignore
074,水管响,Water,needs_review,管,响,管,,,needs_human_decision,pending,canonical_mapping_uncertain;needs_human_decision;case_source=tests/zh_fxname_governance_cases_150.csv,batch_test_candidate,0,needs_user_review
074,水管响,Water,needs_review,管,响,,,,no_action,pending,canonical_review_row_exists=响;do_not_duplicate_raw;needs_human_decision;case_source=tests/zh_fxname_governance_cases_150.csv,batch_test_candidate,0,needs_user_review
075,木板响,Wood Plate,needs_review,,响,,,,no_action,pending,canonical_review_row_exists=响;do_not_duplicate_raw;needs_human_decision;case_source=tests/zh_fxname_governance_cases_150.csv,batch_test_candidate,0,needs_user_review
076,肚子响,Stomach Growl,pass,,,,,,no_action,pending,normalize_result_accepted;case_source=tests/zh_fxname_governance_cases_150.csv,batch_test_candidate,0,ignore
077,机器响,Machine,needs_review,,响,,,,no_action,pending,canonical_review_row_exists=响;do_not_duplicate_raw;needs_human_decision;case_source=tests/zh_fxname_governance_cases_150.csv,batch_test_candidate,0,needs_user_review
078,警报响,Alarm Ring,pass,,,,,,no_action,pending,normalize_result_accepted;case_source=tests/zh_fxname_governance_cases_150.csv,batch_test_candidate,0,ignore
079,金属片响,Metal Sheet Rattle,pass,,,,,,no_action,pending,normalize_result_accepted;case_source=tests/zh_fxname_governance_cases_150.csv,batch_test_candidate,0,ignore
080,硬币响,Coin Jingle,pass,,,,,,no_action,pending,normalize_result_accepted;case_source=tests/zh_fxname_governance_cases_150.csv,batch_test_candidate,0,ignore
081,甩毛巾,Towel Flap,pass,,,,,,no_action,pending,normalize_result_accepted;case_source=tests/zh_fxname_governance_cases_150.csv,batch_test_candidate,0,ignore
082,甩水,Water Flick,pass,,,,,,no_action,pending,normalize_result_accepted;case_source=tests/zh_fxname_governance_cases_150.csv,batch_test_candidate,0,ignore
083,甩尾巴,Tail Swing,pass,,,,,,no_action,pending,normalize_result_accepted;case_source=tests/zh_fxname_governance_cases_150.csv,batch_test_candidate,0,ignore
084,甩刀,Knife Whoosh,pass,,,,,,no_action,pending,normalize_result_accepted;case_source=tests/zh_fxname_governance_cases_150.csv,batch_test_candidate,0,ignore
085,甩棍,Stick Whoosh,pass,,,,,,no_action,pending,normalize_result_accepted;case_source=tests/zh_fxname_governance_cases_150.csv,batch_test_candidate,0,ignore
086,甩手,Hand Whoosh,pass,,,,,,no_action,pending,normalize_result_accepted;case_source=tests/zh_fxname_governance_cases_150.csv,batch_test_candidate,0,ignore
087,甩门,Door Slam,pass,,,,,,no_action,pending,normalize_result_accepted;case_source=tests/zh_fxname_governance_cases_150.csv,batch_test_candidate,0,ignore
088,甩出去,,needs_review,出,甩,出,,,needs_human_decision,pending,canonical_mapping_uncertain;needs_human_decision;case_source=tests/zh_fxname_governance_cases_150.csv,batch_test_candidate,0,needs_user_review
088,甩出去,,needs_review,出,甩,,,,no_action,pending,canonical_review_row_exists=甩;do_not_duplicate_raw;needs_human_decision;case_source=tests/zh_fxname_governance_cases_150.csv,batch_test_candidate,0,needs_user_review
089,甩绳子,Rope Swing,pass,,,,,,no_action,pending,normalize_result_accepted;case_source=tests/zh_fxname_governance_cases_150.csv,batch_test_candidate,0,ignore
090,甩鞭尾音,Whip Crack,partial,尾音,,,,,surface_cleanup_needed,pending,surface_exception_requires_review;raw=尾音;needs_human_decision;case_source=tests/zh_fxname_governance_cases_150.csv,batch_test_candidate,0,needs_user_review
091,划火柴,Scratch Fire,partial,柴,,柴,,,needs_human_decision,pending,canonical_mapping_uncertain;needs_human_decision;case_source=tests/zh_fxname_governance_cases_150.csv,batch_test_candidate,0,needs_user_review
092,划船,Boat Row,pass,,,,,,no_action,pending,normalize_result_accepted;case_source=tests/zh_fxname_governance_cases_150.csv,batch_test_candidate,0,ignore
093,划玻璃,Glass Scratch,pass,,,,,,no_action,pending,normalize_result_accepted;case_source=tests/zh_fxname_governance_cases_150.csv,batch_test_candidate,0,ignore
094,划过空气,Air,needs_review,,划过,,,,no_action,pending,canonical_review_row_exists=划过;do_not_duplicate_raw;needs_human_decision;case_source=tests/zh_fxname_governance_cases_150.csv,batch_test_candidate,0,needs_user_review
094,划过空气,Air,needs_review,,划过,空气,Air,detail,slot_mismatch,pending,glossary_fallback_unknown_slot;expected_output_mismatch;case_source=tests/zh_fxname_governance_cases_150.csv,batch_test_candidate,0,adjust_rule
095,划破布料,Scratch Cloth,partial,破,,破,,,needs_human_decision,pending,canonical_mapping_uncertain;needs_human_decision;case_source=tests/zh_fxname_governance_cases_150.csv,batch_test_candidate,0,needs_user_review
096,划开纸箱,Scratch Cardboard Box,partial,开,,开,,,needs_human_decision,pending,canonical_mapping_uncertain;needs_human_decision;case_source=tests/zh_fxname_governance_cases_150.csv,batch_test_candidate,0,needs_user_review
097,划水面,Scratch Water,partial,面,,面,,,needs_human_decision,pending,canonical_mapping_uncertain;needs_human_decision;case_source=tests/zh_fxname_governance_cases_150.csv,batch_test_candidate,0,needs_user_review
098,划痕,Scratch,partial,痕,,痕,,,needs_human_decision,pending,canonical_mapping_uncertain;needs_human_decision;case_source=tests/zh_fxname_governance_cases_150.csv,batch_test_candidate,0,needs_user_review
099,划线,Scratch,partial,线,,线,,,needs_human_decision,pending,canonical_mapping_uncertain;needs_human_decision;case_source=tests/zh_fxname_governance_cases_150.csv,batch_test_candidate,0,needs_user_review
100,刀划木头,Knife Scratch Wood,pass,,,,,,no_action,pending,normalize_result_accepted;case_source=tests/zh_fxname_governance_cases_150.csv,batch_test_candidate,0,ignore
101,刮风,Wind Gust,pass,,,,,,no_action,pending,normalize_result_accepted;case_source=tests/zh_fxname_governance_cases_150.csv,batch_test_candidate,0,ignore
102,刮胡子,Scrape,partial,胡子,,胡子,,,needs_human_decision,pending,canonical_mapping_uncertain;needs_human_decision;case_source=tests/zh_fxname_governance_cases_150.csv,batch_test_candidate,0,needs_user_review
103,刮彩票,Scrape,partial,彩票,,彩票,,,needs_human_decision,pending,canonical_mapping_uncertain;needs_human_decision;case_source=tests/zh_fxname_governance_cases_150.csv,batch_test_candidate,0,needs_user_review
104,刮墙皮,Scrape,partial,墙皮,,墙皮,Wall,detail,needs_human_decision,pending,missing_alias;needs_human_decision;case_source=tests/zh_fxname_governance_cases_150.csv,batch_test_candidate,0,needs_user_review
105,刮锅底,Scrape,partial,锅底,,锅底,Pan,detail,needs_human_decision,pending,missing_alias;needs_human_decision;case_source=tests/zh_fxname_governance_cases_150.csv,batch_test_candidate,0,needs_user_review
106,刮金属管,Scrape Metal,partial,管,,管,,,needs_human_decision,pending,canonical_mapping_uncertain;needs_human_decision;case_source=tests/zh_fxname_governance_cases_150.csv,batch_test_candidate,0,needs_user_review
107,剐蹭护栏,Scuff,partial,护栏,,护栏,Guardrail,detail,needs_human_decision,pending,missing_alias;needs_human_decision;case_source=tests/zh_fxname_governance_cases_150.csv,batch_test_candidate,0,needs_user_review
108,蹭墙,Rub,partial,墙,,墙,,,needs_human_decision,pending,canonical_mapping_uncertain;needs_human_decision;case_source=tests/zh_fxname_governance_cases_150.csv,batch_test_candidate,0,needs_user_review
109,蹭衣服,Cloth Rub,pass,,,,,,no_action,pending,normalize_result_accepted;case_source=tests/zh_fxname_governance_cases_150.csv,batch_test_candidate,0,ignore
110,蹭地板,Floor Scuff,pass,,,,,,no_action,pending,normalize_result_accepted;case_source=tests/zh_fxname_governance_cases_150.csv,batch_test_candidate,0,ignore
111,脚底打滑,Skid,partial,脚底,,脚底,,,needs_human_decision,pending,canonical_mapping_uncertain;needs_human_decision;case_source=tests/zh_fxname_governance_cases_150.csv,batch_test_candidate,0,needs_user_review
111,脚底打滑,Skid,partial,脚底,,打滑,Skid,detail,slot_mismatch,pending,glossary_fallback_unknown_slot;expected_output_mismatch;case_source=tests/zh_fxname_governance_cases_150.csv,batch_test_candidate,0,adjust_rule
112,车轮打滑,Tire Skid,pass,,,,,,no_action,pending,normalize_result_accepted;case_source=tests/zh_fxname_governance_cases_150.csv,batch_test_candidate,0,ignore
113,抽屉滑出,Drawer,partial,滑出,,滑出,,,needs_human_decision,pending,canonical_mapping_uncertain;needs_human_decision;case_source=tests/zh_fxname_governance_cases_150.csv,batch_test_candidate,0,needs_user_review
114,木门滑开,Wood Door Slide Open,pass,,,,,,no_action,pending,normalize_result_accepted;case_source=tests/zh_fxname_governance_cases_150.csv,batch_test_candidate,0,ignore
115,金属片滑落,Metal Plate,partial,滑落,,滑落,,,needs_human_decision,pending,canonical_mapping_uncertain;needs_human_decision;case_source=tests/zh_fxname_governance_cases_150.csv,batch_test_candidate,0,needs_user_review
115,金属片滑落,Metal Plate,partial,滑落,,片,Plate,detail,slot_mismatch,pending,glossary_fallback_unknown_slot;expected_output_mismatch;case_source=tests/zh_fxname_governance_cases_150.csv,batch_test_candidate,0,adjust_rule
116,冰块滑过地面,Ice Block Slide,partial,地面,,地面,,,needs_human_decision,pending,canonical_mapping_uncertain;needs_human_decision;case_source=tests/zh_fxname_governance_cases_150.csv,batch_test_candidate,0,needs_user_review
116,冰块滑过地面,Ice Block Slide,partial,地面,,块,Block,detail,slot_mismatch,pending,glossary_fallback_unknown_slot;expected_output_mismatch;case_source=tests/zh_fxname_governance_cases_150.csv,batch_test_candidate,0,adjust_rule
117,鼠标滑动,Slide,partial,鼠标,,鼠标,Mouse,detail,needs_human_decision,pending,missing_alias;needs_human_decision;case_source=tests/zh_fxname_governance_cases_150.csv,batch_test_candidate,0,needs_user_review
118,滑板滑行,Skateboard Roll,pass,,,,,,no_action,pending,normalize_result_accepted;case_source=tests/zh_fxname_governance_cases_150.csv,batch_test_candidate,0,ignore
119,雪地滑行,Snow Skid,partial,地,,地,,,needs_human_decision,pending,canonical_mapping_uncertain;needs_human_decision;case_source=tests/zh_fxname_governance_cases_150.csv,batch_test_candidate,0,needs_user_review
119,雪地滑行,Snow Skid,partial,地,,雪,Snow,detail,slot_mismatch,pending,glossary_fallback_unknown_slot;expected_output_mismatch;case_source=tests/zh_fxname_governance_cases_150.csv,batch_test_candidate,0,adjust_rule
119,雪地滑行,Snow Skid,partial,地,,滑行,Skid,detail,slot_mismatch,pending,glossary_fallback_unknown_slot;expected_output_mismatch;case_source=tests/zh_fxname_governance_cases_150.csv,batch_test_candidate,0,adjust_rule
120,布料滑过皮肤,Cloth Slide Skin,pass,,,,,,no_action,pending,normalize_result_accepted;case_source=tests/zh_fxname_governance_cases_150.csv,batch_test_candidate,0,ignore
121,玻璃杯摔碎,Glass,needs_review,杯;碎,摔,玻璃杯摔碎,Glass Cup Shatter,phrase,phrase_missing,pending,multiple_unresolved_tokens;needs_human_decision;case_source=tests/zh_fxname_governance_cases_150.csv,batch_test_candidate,0,add_phrase_candidate
122,手机摔地,Cellphone,needs_review,地,摔,手机摔地,Phone Drop Impact,phrase,phrase_missing,pending,multiple_unresolved_tokens;needs_human_decision;case_source=tests/zh_fxname_governance_cases_150.csv,batch_test_candidate,0,add_phrase_candidate
122,手机摔地,Cellphone,needs_review,地,摔,手机,Cellphone,detail,slot_mismatch,pending,glossary_fallback_unknown_slot;expected_output_mismatch;case_source=tests/zh_fxname_governance_cases_150.csv,batch_test_candidate,0,adjust_rule
123,人摔倒,Human,needs_review,倒,摔,人摔倒,Body Fall,phrase,phrase_missing,pending,multiple_unresolved_tokens;needs_human_decision;case_source=tests/zh_fxname_governance_cases_150.csv,batch_test_candidate,0,add_phrase_candidate
123,人摔倒,Human,needs_review,倒,摔,人,Human,object,slot_mismatch,pending,glossary_fallback_unknown_slot;expected_output_mismatch;case_source=tests/zh_fxname_governance_cases_150.csv,batch_test_candidate,0,adjust_rule
124,摔门,Door,needs_review,,摔,,,,no_action,pending,canonical_review_row_exists=摔;do_not_duplicate_raw;needs_human_decision;case_source=tests/zh_fxname_governance_cases_150.csv,batch_test_candidate,0,needs_user_review
125,摔书,Book Drop,pass,,,,,,no_action,pending,normalize_result_accepted;case_source=tests/zh_fxname_governance_cases_150.csv,batch_test_candidate,0,ignore
126,石头砸地,Stone Impact,partial,地,,地,,,needs_human_decision,pending,canonical_mapping_uncertain;needs_human_decision;case_source=tests/zh_fxname_governance_cases_150.csv,batch_test_candidate,0,needs_user_review
127,锤子砸铁板,Hammer Hit Metal Plate,pass,,,,,,no_action,pending,normalize_result_accepted;case_source=tests/zh_fxname_governance_cases_150.csv,batch_test_candidate,0,ignore
128,重物砸木箱,Heavy Impact Wood Box,partial,物,,物,,,needs_human_decision,pending,canonical_mapping_uncertain;needs_human_decision;case_source=tests/zh_fxname_governance_cases_150.csv,batch_test_candidate,0,needs_user_review
129,砸碎玻璃,Impact Glass,partial,碎,,碎,,,needs_human_decision,pending,canonical_mapping_uncertain;needs_human_decision;case_source=tests/zh_fxname_governance_cases_150.csv,batch_test_candidate,0,needs_user_review
130,苹果掉地上,Apple Drop Floor,pass,,,,,,no_action,pending,normalize_result_accepted;case_source=tests/zh_fxname_governance_cases_150.csv,batch_test_candidate,0,ignore
131,玻璃碎裂,Glass Shatter,pass,,,,,,no_action,pending,normalize_result_accepted;case_source=tests/zh_fxname_governance_cases_150.csv,batch_test_candidate,0,ignore
132,木头裂开,Wood,partial,裂开,,裂开,Crack,detail,needs_human_decision,pending,missing_alias;needs_human_decision;case_source=tests/zh_fxname_governance_cases_150.csv,batch_test_candidate,0,needs_user_review
133,冰面裂开,Ice,partial,面裂开,,面裂开,Crack,detail,needs_human_decision,pending,missing_alias;needs_human_decision;case_source=tests/zh_fxname_governance_cases_150.csv,batch_test_candidate,0,needs_user_review
134,布料撕裂,Cloth Tear,pass,,,,,,no_action,pending,normalize_result_accepted;case_source=tests/zh_fxname_governance_cases_150.csv,batch_test_candidate,0,ignore
135,纸张撕裂,Paper Tear,pass,,,,,,no_action,pending,normalize_result_accepted;case_source=tests/zh_fxname_governance_cases_150.csv,batch_test_candidate,0,ignore
136,骨头断裂,Bone Crack,pass,,,,,,no_action,pending,normalize_result_accepted;case_source=tests/zh_fxname_governance_cases_150.csv,batch_test_candidate,0,ignore
137,墙皮脱落,Plaster Crumble,pass,,,,,,no_action,pending,normalize_result_accepted;case_source=tests/zh_fxname_governance_cases_150.csv,batch_test_candidate,0,ignore
138,石头碎裂,Rock Crack,pass,,,,,,no_action,pending,normalize_result_accepted;case_source=tests/zh_fxname_governance_cases_150.csv,batch_test_candidate,0,ignore
139,陶瓷破碎,Ceramic Shatter,pass,,,,,,no_action,pending,normalize_result_accepted;case_source=tests/zh_fxname_governance_cases_150.csv,batch_test_candidate,0,ignore
140,金属断裂,Metal Snap,pass,,,,,,no_action,pending,normalize_result_accepted;case_source=tests/zh_fxname_governance_cases_150.csv,batch_test_candidate,0,ignore
141,抽屉拉开又关上,Drawer Open Close,pass,,,,,,no_action,pending,normalize_result_accepted;case_source=tests/zh_fxname_governance_cases_150.csv,batch_test_candidate,0,ignore
142,门打开后撞到墙,Door Open Impact Wall,pass,,,,,,no_action,pending,normalize_result_accepted;case_source=tests/zh_fxname_governance_cases_150.csv,batch_test_candidate,0,ignore
143,拿起杯子放下,Cup Pick Up Put Down,pass,,,,,,no_action,pending,normalize_result_accepted;case_source=tests/zh_fxname_governance_cases_150.csv,batch_test_candidate,0,ignore
144,金属盒打开合上,Metal Box Open Close,pass,,,,,,no_action,pending,normalize_result_accepted;case_source=tests/zh_fxname_governance_cases_150.csv,batch_test_candidate,0,ignore
145,拉链拉开再拉上,Zipper Open Close,pass,,,,,,no_action,pending,normalize_result_accepted;case_source=tests/zh_fxname_governance_cases_150.csv,batch_test_candidate,0,ignore
146,锁扣打开关闭,Lock Open Close,partial,扣,,扣,,,needs_human_decision,pending,canonical_mapping_uncertain;needs_human_decision;case_source=tests/zh_fxname_governance_cases_150.csv,batch_test_candidate,0,needs_user_review
147,纸张揉皱展开,Paper Crumple Unfold,pass,,,,,,no_action,pending,normalize_result_accepted;case_source=tests/zh_fxname_governance_cases_150.csv,batch_test_candidate,0,ignore
148,布料甩动落地,Cloth Flap Drop,pass,,,,,,no_action,pending,normalize_result_accepted;case_source=tests/zh_fxname_governance_cases_150.csv,batch_test_candidate,0,ignore
149,石头滚动后撞击,Stone Roll Impact,partial,后,,后,,,needs_human_decision,pending,canonical_mapping_uncertain;needs_human_decision;case_source=tests/zh_fxname_governance_cases_150.csv,batch_test_candidate,0,needs_user_review
150,水倒入杯中溅出,Water Pour Splash,pass,,,,,,no_action,pending,normalize_result_accepted;case_source=tests/zh_fxname_governance_cases_150.csv,batch_test_candidate,0,ignore
CANONICAL_TOKEN_GOVERNANCE:md001,刮,Scrape,pass,,,,,,no_action,pending,normalize_result_accepted;case_source=docs/CANONICAL_TOKEN_GOVERNANCE.md,batch_test_candidate,0,ignore
CANONICAL_TOKEN_GOVERNANCE:md002,刮擦,Scrape,pass,,,,,,no_action,pending,normalize_result_accepted;case_source=docs/CANONICAL_TOKEN_GOVERNANCE.md,batch_test_candidate,0,ignore
CANONICAL_TOKEN_GOVERNANCE:md003,刮过,Scrape Across,pass,,,,,,no_action,pending,normalize_result_accepted;case_source=docs/CANONICAL_TOKEN_GOVERNANCE.md,batch_test_candidate,0,ignore
CANONICAL_TOKEN_GOVERNANCE:md004,摩擦,Friction,pass,,,,,,no_action,pending,normalize_result_accepted;case_source=docs/CANONICAL_TOKEN_GOVERNANCE.md,batch_test_candidate,0,ignore
CANONICAL_TOKEN_GOVERNANCE:md005,蹭,Rub,pass,,,,,,no_action,pending,normalize_result_accepted;case_source=docs/CANONICAL_TOKEN_GOVERNANCE.md,batch_test_candidate,0,ignore
CANONICAL_TOKEN_GOVERNANCE:md006,来回蹭,Rub,partial,回,,回,,,needs_human_decision,pending,canonical_mapping_uncertain;needs_human_decision;case_source=docs/CANONICAL_TOKEN_GOVERNANCE.md,batch_test_candidate,0,needs_user_review
CANONICAL_TOKEN_GOVERNANCE:md007,剐蹭,Scuff,pass,,,,,,no_action,pending,normalize_result_accepted;case_source=docs/CANONICAL_TOKEN_GOVERNANCE.md,batch_test_candidate,0,ignore
CANONICAL_TOKEN_GOVERNANCE:md008,轻蹭,Light Rub,pass,,,,,,no_action,pending,normalize_result_accepted;case_source=docs/CANONICAL_TOKEN_GOVERNANCE.md,batch_test_candidate,0,ignore
CANONICAL_TOKEN_GOVERNANCE:md009,磨到,,unknown,磨,,磨,,,needs_human_decision,pending,canonical_mapping_uncertain;needs_human_decision;case_source=docs/CANONICAL_TOKEN_GOVERNANCE.md,batch_test_candidate,0,needs_user_review
CANONICAL_TOKEN_GOVERNANCE:md010,划,Scratch,pass,,,,,,no_action,pending,normalize_result_accepted;case_source=docs/CANONICAL_TOKEN_GOVERNANCE.md,batch_test_candidate,0,ignore
CANONICAL_TOKEN_GOVERNANCE:md012,划过,,needs_review,,划过,,,,no_action,pending,canonical_review_row_exists=划过;do_not_duplicate_raw;needs_human_decision;case_source=docs/CANONICAL_TOKEN_GOVERNANCE.md,batch_test_candidate,0,needs_user_review
fxname_manual_cases:3,石头摩擦,Stone Friction,pass,,,,,,no_action,pending,normalize_result_accepted;case_source=tests/fixtures/fxname_manual_cases.csv,batch_test_candidate,0,ignore
fxname_manual_cases:4,玻璃破碎,Glass Break,pass,,,,,,no_action,pending,normalize_result_accepted;case_source=tests/fixtures/fxname_manual_cases.csv,batch_test_candidate,0,ignore
fxname_manual_cases:5,火焰燃烧,Fire Burn,pass,,,,,,no_action,pending,normalize_result_accepted;case_source=tests/fixtures/fxname_manual_cases.csv,batch_test_candidate,0,ignore
fxname_manual_cases:6,水滴落下,Water Drip,pass,,,,,,no_action,pending,normalize_result_accepted;case_source=tests/fixtures/fxname_manual_cases.csv,batch_test_candidate,0,ignore
fxname_manual_cases:7,金属 门 撞击,Metal Door Impact,pass,,,,,,no_action,pending,normalize_result_accepted;case_source=tests/fixtures/fxname_manual_cases.csv,batch_test_candidate,0,ignore
fxname_manual_cases:8,金属门重击,Metal Door Heavy Impact,pass,,,,,,no_action,pending,normalize_result_accepted;case_source=tests/fixtures/fxname_manual_cases.csv,batch_test_candidate,0,ignore
fxname_manual_cases:9,玻璃门关闭,Glass Door Close,pass,,,,,,no_action,pending,normalize_result_accepted;case_source=tests/fixtures/fxname_manual_cases.csv,batch_test_candidate,0,ignore
fxname_manual_cases:10,车门推开,Car Door Push Open,pass,,,,,,no_action,pending,normalize_result_accepted;case_source=tests/fixtures/fxname_manual_cases.csv,batch_test_candidate,0,ignore
fxname_manual_cases:11,门轻敲,Door Tap,pass,,,,,,no_action,pending,normalize_result_accepted;case_source=tests/fixtures/fxname_manual_cases.csv,batch_test_candidate,0,ignore
fxname_manual_cases:12,木门刮擦,Wood Door Scrape,pass,,,,,,no_action,pending,normalize_result_accepted;case_source=tests/fixtures/fxname_manual_cases.csv,batch_test_candidate,0,ignore
fxname_manual_cases:13,门掉落,Door Drop,pass,,,,,,no_action,pending,normalize_result_accepted;case_source=tests/fixtures/fxname_manual_cases.csv,batch_test_candidate,0,ignore
fxname_manual_cases:14,玻璃瓶掉落,Glass Bottle Drop,pass,,,,,,no_action,pending,normalize_result_accepted;case_source=tests/fixtures/fxname_manual_cases.csv,batch_test_candidate,0,ignore
fxname_manual_cases:15,塑料 箱子 掉落,Plastic Box Drop,pass,,,,,,no_action,pending,normalize_result_accepted;case_source=tests/fixtures/fxname_manual_cases.csv,batch_test_candidate,0,ignore
fxname_manual_cases:16,布袋摩擦,Cloth Bag Friction,pass,,,,,,no_action,pending,normalize_result_accepted;case_source=tests/fixtures/fxname_manual_cases.csv,batch_test_candidate,0,ignore
fxname_manual_cases:17,纸箱拖动,Cardboard Box Drag,pass,,,,,,no_action,pending,normalize_result_accepted;case_source=tests/fixtures/fxname_manual_cases.csv,batch_test_candidate,0,ignore
fxname_manual_cases:18,陶瓷杯子轻敲,Ceramic Cup Tap,pass,,,,,,no_action,pending,normalize_result_accepted;case_source=tests/fixtures/fxname_manual_cases.csv,batch_test_candidate,0,ignore
fxname_manual_cases:19,橡胶轮胎滚动,Rubber Tire Roll,pass,,,,,,no_action,pending,normalize_result_accepted;case_source=tests/fixtures/fxname_manual_cases.csv,batch_test_candidate,0,ignore
fxname_manual_cases:20,石头撞击,Stone Impact,pass,,,,,,no_action,pending,normalize_result_accepted;case_source=tests/fixtures/fxname_manual_cases.csv,batch_test_candidate,0,ignore
fxname_manual_cases:21,冰破裂,Ice Break,pass,,,,,,no_action,pending,normalize_result_accepted;case_source=tests/fixtures/fxname_manual_cases.csv,batch_test_candidate,0,ignore
fxname_manual_cases:22,水喷射,Water Spray,pass,,,,,,no_action,pending,normalize_result_accepted;case_source=tests/fixtures/fxname_manual_cases.csv,batch_test_candidate,0,ignore
fxname_manual_cases:23,皮革摩擦,Leather Friction,pass,,,,,,no_action,pending,normalize_result_accepted;case_source=tests/fixtures/fxname_manual_cases.csv,batch_test_candidate,0,ignore
fxname_manual_cases:24,火箭发射,Rocket Launch,pass,,,,,,no_action,pending,normalize_result_accepted;case_source=tests/fixtures/fxname_manual_cases.csv,batch_test_candidate,0,ignore
fxname_manual_cases:25,火箭爆炸,Rocket Explosion,pass,,,,,,no_action,pending,normalize_result_accepted;case_source=tests/fixtures/fxname_manual_cases.csv,batch_test_candidate,0,ignore
fxname_manual_cases:26,火箭发射爆炸,Rocket Launch Explosion,pass,,,,,,no_action,pending,normalize_result_accepted;case_source=tests/fixtures/fxname_manual_cases.csv,batch_test_candidate,0,ignore
fxname_manual_cases:27,远处火箭爆炸,Distant Rocket Explosion,pass,,,,,,no_action,pending,normalize_result_accepted;case_source=tests/fixtures/fxname_manual_cases.csv,batch_test_candidate,0,ignore
fxname_manual_cases:28,室外巨大爆炸,Exterior Huge Explosion,pass,,,,,,no_action,pending,normalize_result_accepted;case_source=tests/fixtures/fxname_manual_cases.csv,batch_test_candidate,0,ignore
fxname_manual_cases:29,爆炸长尾,Explosion Long Tail,pass,,,,,,no_action,pending,normalize_result_accepted;case_source=tests/fixtures/fxname_manual_cases.csv,batch_test_candidate,0,ignore
fxname_manual_cases:30,爆炸短尾,Explosion Short Tail,pass,,,,,,no_action,pending,normalize_result_accepted;case_source=tests/fixtures/fxname_manual_cases.csv,batch_test_candidate,0,ignore
fxname_manual_cases:31,嗖,Whoosh,pass,,,,,,no_action,pending,normalize_result_accepted;case_source=tests/fixtures/fxname_manual_cases.csv,batch_test_candidate,0,ignore
fxname_manual_cases:32,呼啸长尾,Whoosh Long Tail,pass,,,,,,no_action,pending,normalize_result_accepted;case_source=tests/fixtures/fxname_manual_cases.csv,batch_test_candidate,0,ignore
fxname_manual_cases:33,挥动短促,Whoosh Short,pass,,,,,,no_action,pending,normalize_result_accepted;case_source=tests/fixtures/fxname_manual_cases.csv,batch_test_candidate,0,ignore
fxname_manual_cases:34,掠过快速,Flyby Fast,pass,,,,,,no_action,pending,normalize_result_accepted;case_source=tests/fixtures/fxname_manual_cases.csv,batch_test_candidate,0,ignore
fxname_manual_cases:35,远处飞过,Distant Flyby,pass,,,,,,no_action,pending,normalize_result_accepted;case_source=tests/fixtures/fxname_manual_cases.csv,batch_test_candidate,0,ignore
fxname_manual_cases:36,驶过呼啸,Driveby Whoosh,pass,,,,,,no_action,pending,normalize_result_accepted;case_source=tests/fixtures/fxname_manual_cases.csv,batch_test_candidate,0,ignore
fxname_manual_cases:37,房间底噪,Room Tone,pass,,,,,,no_action,pending,normalize_result_accepted;case_source=tests/fixtures/fxname_manual_cases.csv,batch_test_candidate,0,ignore
fxname_manual_cases:38,室内房间底噪,Interior Room Tone,pass,,,,,,no_action,pending,normalize_result_accepted;case_source=tests/fixtures/fxname_manual_cases.csv,batch_test_candidate,0,ignore
fxname_manual_cases:39,办公室房间底噪,Office Room Tone,pass,,,,,,no_action,pending,normalize_result_accepted;case_source=tests/fixtures/fxname_manual_cases.csv,batch_test_candidate,0,ignore
fxname_manual_cases:40,室外房间底噪,Exterior Room Tone,pass,,,,,,no_action,pending,normalize_result_accepted;case_source=tests/fixtures/fxname_manual_cases.csv,batch_test_candidate,0,ignore
fxname_manual_cases:41,走廊房间底噪,Hallway Room Tone,pass,,,,,,no_action,pending,normalize_result_accepted;case_source=tests/fixtures/fxname_manual_cases.csv,batch_test_candidate,0,ignore
fxname_manual_cases:42,金属脚步,Metal Footstep,pass,,,,,,no_action,pending,normalize_result_accepted;case_source=tests/fixtures/fxname_manual_cases.csv,batch_test_candidate,0,ignore
fxname_manual_cases:43,木头脚步声,Wood Footstep,pass,,,,,,no_action,pending,normalize_result_accepted;case_source=tests/fixtures/fxname_manual_cases.csv,batch_test_candidate,0,ignore
fxname_manual_cases:44,室内脚步,Interior Footstep,pass,,,,,,no_action,pending,normalize_result_accepted;case_source=tests/fixtures/fxname_manual_cases.csv,batch_test_candidate,0,ignore
fxname_manual_cases:45,远处跑步,Distant Run,pass,,,,,,no_action,pending,normalize_result_accepted;case_source=tests/fixtures/fxname_manual_cases.csv,batch_test_candidate,0,ignore
fxname_manual_cases:46,近处走路,Close Walk,pass,,,,,,no_action,pending,normalize_result_accepted;case_source=tests/fixtures/fxname_manual_cases.csv,batch_test_candidate,0,ignore
fxname_manual_cases:47,重落地,Heavy Land,pass,,,,,,no_action,pending,normalize_result_accepted;case_source=tests/fixtures/fxname_manual_cases.csv,batch_test_candidate,0,ignore
fxname_manual_cases:48,金属刮擦,Metal Scrape,pass,,,,,,no_action,pending,normalize_result_accepted;case_source=tests/fixtures/fxname_manual_cases.csv,batch_test_candidate,0,ignore
fxname_manual_cases:49,木头拖动,Wood Drag,pass,,,,,,no_action,pending,normalize_result_accepted;case_source=tests/fixtures/fxname_manual_cases.csv,batch_test_candidate,0,ignore
fxname_manual_cases:50,玻璃滑动,Glass Slide,pass,,,,,,no_action,pending,normalize_result_accepted;case_source=tests/fixtures/fxname_manual_cases.csv,batch_test_candidate,0,ignore
fxname_manual_cases:51,箱子掉落,Box Drop,pass,,,,,,no_action,pending,normalize_result_accepted;case_source=tests/fixtures/fxname_manual_cases.csv,batch_test_candidate,0,ignore
fxname_manual_cases:52,布料摩擦,Cloth Friction,pass,,,,,,no_action,pending,normalize_result_accepted;case_source=tests/fixtures/fxname_manual_cases.csv,batch_test_candidate,0,ignore
fxname_manual_cases:53,链条拖动,Chain Drag,pass,,,,,,no_action,pending,normalize_result_accepted;case_source=tests/fixtures/fxname_manual_cases.csv,batch_test_candidate,0,ignore
fxname_manual_cases:54,抽屉滑开,Drawer Slide Open,pass,,,,,,no_action,pending,normalize_result_accepted;case_source=tests/fixtures/fxname_manual_cases.csv,batch_test_candidate,0,ignore
fxname_manual_cases:55,柜子拉开,Cabinet Pull Open,pass,,,,,,no_action,pending,normalize_result_accepted;case_source=tests/fixtures/fxname_manual_cases.csv,batch_test_candidate,0,ignore
fxname_manual_cases:56,塑料瓶挤压,Plastic Bottle Squeeze,pass,,,,,,no_action,pending,normalize_result_accepted;case_source=tests/fixtures/fxname_manual_cases.csv,batch_test_candidate,0,ignore
fxname_manual_cases:58,door 推开 wood,Door Push Open Wood,pass,,,,,,no_action,pending,normalize_result_accepted;case_source=tests/fixtures/fxname_manual_cases.csv,batch_test_candidate,0,ignore
fxname_manual_cases:59,metal 门 impact,Metal Door Impact,pass,,,,,,no_action,pending,normalize_result_accepted;case_source=tests/fixtures/fxname_manual_cases.csv,batch_test_candidate,0,ignore
fxname_manual_cases:60,wood 门 close,Wood Door Close,pass,,,,,,no_action,pending,normalize_result_accepted;case_source=tests/fixtures/fxname_manual_cases.csv,batch_test_candidate,0,ignore
fxname_manual_cases:61,metal box 掉落,Metal Box Drop,pass,,,,,,no_action,pending,normalize_result_accepted;case_source=tests/fixtures/fxname_manual_cases.csv,batch_test_candidate,0,ignore
fxname_manual_cases:62,rocket 发射 explosion,Rocket Launch Explosion,pass,,,,,,no_action,pending,normalize_result_accepted;case_source=tests/fixtures/fxname_manual_cases.csv,batch_test_candidate,0,ignore
fxname_manual_cases:63,car door 关闭,Car Door Close,pass,,,,,,no_action,pending,normalize_result_accepted;case_source=tests/fixtures/fxname_manual_cases.csv,batch_test_candidate,0,ignore
fxname_manual_cases:64,布 bag impact,Cloth Bag Impact,pass,,,,,,no_action,pending,normalize_result_accepted;case_source=tests/fixtures/fxname_manual_cases.csv,batch_test_candidate,0,ignore
fxname_manual_cases:65,火箭 launch 爆炸 long tail 5m,Rocket Launch Explosion Long Tail 5m,pass,,,,,,no_action,pending,normalize_result_accepted;case_source=tests/fixtures/fxname_manual_cases.csv,batch_test_candidate,0,ignore
fxname_manual_cases:66,explosion 长尾,Explosion Long Tail,pass,,,,,,no_action,pending,normalize_result_accepted;case_source=tests/fixtures/fxname_manual_cases.csv,batch_test_candidate,0,ignore
fxname_manual_cases:68,whoosh 快速经过,Whoosh Fast Pass By,pass,,,,,,no_action,pending,normalize_result_accepted;case_source=tests/fixtures/fxname_manual_cases.csv,batch_test_candidate,0,ignore
fxname_manual_cases:69,engine 启动 short,Engine Start Short,pass,,,,,,no_action,pending,normalize_result_accepted;case_source=tests/fixtures/fxname_manual_cases.csv,batch_test_candidate,0,ignore
fxname_manual_cases:100,爆炸 5m,Explosion 5m,pass,,,,,,no_action,pending,normalize_result_accepted;case_source=tests/fixtures/fxname_manual_cases.csv,batch_test_candidate,0,ignore
fxname_manual_cases:102,爆炸 10cm,Explosion 10cm,pass,,,,,,no_action,pending,normalize_result_accepted;case_source=tests/fixtures/fxname_manual_cases.csv,batch_test_candidate,0,ignore
fxname_manual_cases:112,火箭爆炸 5m,Rocket Explosion 5m,pass,,,,,,no_action,pending,normalize_result_accepted;case_source=tests/fixtures/fxname_manual_cases.csv,batch_test_candidate,0,ignore
fxname_manual_cases:114,远处 whoosh 5m,Distant Whoosh 5m,pass,,,,,,no_action,pending,normalize_result_accepted;case_source=tests/fixtures/fxname_manual_cases.csv,batch_test_candidate,0,ignore
fxname_manual_cases:116,木门 oh my god 滑开,Wood Door Slide Open,needs_review,,,,,,no_action,pending,needs_human_decision;case_source=tests/fixtures/fxname_manual_cases.csv,batch_test_candidate,0,needs_user_review
fxname_manual_cases:118,sound effect 金属门撞击,Metal Door Impact,needs_review,,,,,,no_action,pending,needs_human_decision;case_source=tests/fixtures/fxname_manual_cases.csv,batch_test_candidate,0,needs_user_review
fxname_manual_cases:120,请帮我翻译 金属门撞击,Metal Door Impact,partial,翻译,,翻译,,,needs_human_decision,pending,canonical_mapping_uncertain;needs_human_decision;case_source=tests/fixtures/fxname_manual_cases.csv,batch_test_candidate,0,needs_user_review
fxname_manual_cases:121,这个声音是 木门滑开,Wood Door Slide Open,partial,这个;是,,这个声音是 木门滑开,Wood Door Slide Open,phrase,phrase_missing,pending,multiple_unresolved_tokens;needs_human_decision;case_source=tests/fixtures/fxname_manual_cases.csv,batch_test_candidate,0,add_phrase_candidate
fxname_manual_cases:128,这个声音是 爆炸长尾,Explosion Long Tail,partial,这个;是,,这个声音是 爆炸长尾,Explosion Long Tail,phrase,phrase_missing,pending,multiple_unresolved_tokens;needs_human_decision;case_source=tests/fixtures/fxname_manual_cases.csv,batch_test_candidate,0,add_phrase_candidate
fxname_manual_cases:129,请帮我翻译 房间底噪,Room Tone,partial,翻译,,翻译,,,needs_human_decision,pending,canonical_mapping_uncertain;needs_human_decision;case_source=tests/fixtures/fxname_manual_cases.csv,batch_test_candidate,0,needs_user_review
fxname_manual_cases:130,金属箱掉落,Metal Box Drop,pass,,,,,,no_action,pending,normalize_result_accepted;case_source=tests/fixtures/fxname_manual_cases.csv,batch_test_candidate,0,ignore
fxname_manual_cases:131,木箱拖动,Wood Box Drag,pass,,,,,,no_action,pending,normalize_result_accepted;case_source=tests/fixtures/fxname_manual_cases.csv,batch_test_candidate,0,ignore
fxname_manual_cases:132,玻璃瓶破碎,Glass Bottle Break,pass,,,,,,no_action,pending,normalize_result_accepted;case_source=tests/fixtures/fxname_manual_cases.csv,batch_test_candidate,0,ignore
fxname_manual_cases:134,纸箱撞击,Cardboard Box Impact,pass,,,,,,no_action,pending,normalize_result_accepted;case_source=tests/fixtures/fxname_manual_cases.csv,batch_test_candidate,0,ignore
fxname_manual_cases:135,布袋拍打,Cloth Bag Slap,pass,,,,,,no_action,pending,normalize_result_accepted;case_source=tests/fixtures/fxname_manual_cases.csv,batch_test_candidate,0,ignore
fxname_manual_cases:136,陶瓷杯子掉落,Ceramic Cup Drop,pass,,,,,,no_action,pending,normalize_result_accepted;case_source=tests/fixtures/fxname_manual_cases.csv,batch_test_candidate,0,ignore
fxname_manual_cases:137,橡胶轮胎摩擦,Rubber Tire Friction,pass,,,,,,no_action,pending,normalize_result_accepted;case_source=tests/fixtures/fxname_manual_cases.csv,batch_test_candidate,0,ignore
fxname_manual_cases:138,链条摇晃,Chain Shake,pass,,,,,,no_action,pending,normalize_result_accepted;case_source=tests/fixtures/fxname_manual_cases.csv,batch_test_candidate,0,ignore
fxname_manual_cases:139,钥匙掉落,Key Drop,pass,,,,,,no_action,pending,normalize_result_accepted;case_source=tests/fixtures/fxname_manual_cases.csv,batch_test_candidate,0,ignore
fxname_manual_cases:140,按钮点击,Button Click,pass,,,,,,no_action,pending,normalize_result_accepted;case_source=tests/fixtures/fxname_manual_cases.csv,batch_test_candidate,0,ignore
fxname_manual_cases:141,开关按下,Switch Press,pass,,,,,,no_action,pending,normalize_result_accepted;case_source=tests/fixtures/fxname_manual_cases.csv,batch_test_candidate,0,ignore
fxname_manual_cases:142,抽屉关闭,Drawer Close,pass,,,,,,no_action,pending,normalize_result_accepted;case_source=tests/fixtures/fxname_manual_cases.csv,batch_test_candidate,0,ignore
fxname_manual_cases:143,柜子开门,Cabinet Door Open,pass,,,,,,no_action,pending,normalize_result_accepted;case_source=tests/fixtures/fxname_manual_cases.csv,batch_test_candidate,0,ignore
fxname_manual_cases:144,窗户破碎,Window Break,pass,,,,,,no_action,pending,normalize_result_accepted;case_source=tests/fixtures/fxname_manual_cases.csv,batch_test_candidate,0,ignore
fxname_manual_cases:145,地板脚步,Floor Footstep,pass,,,,,,no_action,pending,normalize_result_accepted;case_source=tests/fixtures/fxname_manual_cases.csv,batch_test_candidate,0,ignore
fxname_manual_cases:146,桌子轻敲,Table Tap,pass,,,,,,no_action,pending,normalize_result_accepted;case_source=tests/fixtures/fxname_manual_cases.csv,batch_test_candidate,0,ignore
fxname_manual_cases:147,椅子拖动,Chair Drag,pass,,,,,,no_action,pending,normalize_result_accepted;case_source=tests/fixtures/fxname_manual_cases.csv,batch_test_candidate,0,ignore
fxname_manual_cases:148,绳子甩动,Rope Swipe,pass,,,,,,no_action,pending,normalize_result_accepted;case_source=tests/fixtures/fxname_manual_cases.csv,batch_test_candidate,0,ignore
fxname_manual_cases:149,管道敲击,Pipe Knock,pass,,,,,,no_action,pending,normalize_result_accepted;case_source=tests/fixtures/fxname_manual_cases.csv,batch_test_candidate,0,ignore
fxname_manual_cases:150,汽车启动,Car Start,pass,,,,,,no_action,pending,normalize_result_accepted;case_source=tests/fixtures/fxname_manual_cases.csv,batch_test_candidate,0,ignore
fxname_manual_cases:151,卡车加速,Truck Accelerate,pass,,,,,,no_action,pending,normalize_result_accepted;case_source=tests/fixtures/fxname_manual_cases.csv,batch_test_candidate,0,ignore
fxname_manual_cases:152,摩托车驶过,Motorcycle Driveby,pass,,,,,,no_action,pending,normalize_result_accepted;case_source=tests/fixtures/fxname_manual_cases.csv,batch_test_candidate,0,ignore
fxname_manual_cases:153,自行车停止,Bicycle Stop,pass,,,,,,no_action,pending,normalize_result_accepted;case_source=tests/fixtures/fxname_manual_cases.csv,batch_test_candidate,0,ignore
fxname_manual_cases:154,飞机飞过,Aircraft Flyby,pass,,,,,,no_action,pending,normalize_result_accepted;case_source=tests/fixtures/fxname_manual_cases.csv,batch_test_candidate,0,ignore
fxname_manual_cases:155,直升机启动,Helicopter Start,pass,,,,,,no_action,pending,normalize_result_accepted;case_source=tests/fixtures/fxname_manual_cases.csv,batch_test_candidate,0,ignore
fxname_manual_cases:156,火车停止,Train Stop,pass,,,,,,no_action,pending,normalize_result_accepted;case_source=tests/fixtures/fxname_manual_cases.csv,batch_test_candidate,0,ignore
fxname_manual_cases:157,轮船驶过,Ship Driveby,pass,,,,,,no_action,pending,normalize_result_accepted;case_source=tests/fixtures/fxname_manual_cases.csv,batch_test_candidate,0,ignore
fxname_manual_cases:158,无人机飞过,Drone Flyby,pass,,,,,,no_action,pending,normalize_result_accepted;case_source=tests/fixtures/fxname_manual_cases.csv,batch_test_candidate,0,ignore
fxname_manual_cases:159,飞船发射,Spaceship Launch,pass,,,,,,no_action,pending,normalize_result_accepted;case_source=tests/fixtures/fxname_manual_cases.csv,batch_test_candidate,0,ignore
fxname_manual_cases:160,机器人移动,Robot Movement,pass,,,,,,no_action,pending,normalize_result_accepted;case_source=tests/fixtures/fxname_manual_cases.csv,batch_test_candidate,0,ignore
fxname_manual_cases:161,机器震动,Machine Vibration,pass,,,,,,no_action,pending,normalize_result_accepted;case_source=tests/fixtures/fxname_manual_cases.csv,batch_test_candidate,0,ignore
fxname_manual_cases:162,风扇启动,Fan Start,pass,,,,,,no_action,pending,normalize_result_accepted;case_source=tests/fixtures/fxname_manual_cases.csv,batch_test_candidate,0,ignore
fxname_manual_cases:163,空调停止,Air Conditioner Stop,pass,,,,,,no_action,pending,normalize_result_accepted;case_source=tests/fixtures/fxname_manual_cases.csv,batch_test_candidate,0,ignore
fxname_manual_cases:164,电机怠速,Motor Idle,pass,,,,,,no_action,pending,normalize_result_accepted;case_source=tests/fixtures/fxname_manual_cases.csv,batch_test_candidate,0,ignore
fxname_manual_cases:165,发电机启动,Generator Start,pass,,,,,,no_action,pending,normalize_result_accepted;case_source=tests/fixtures/fxname_manual_cases.csv,batch_test_candidate,0,ignore
fxname_manual_cases:166,手枪射击,Pistol Shot,pass,,,,,,no_action,pending,normalize_result_accepted;case_source=tests/fixtures/fxname_manual_cases.csv,batch_test_candidate,0,ignore
fxname_manual_cases:167,步枪装填,Rifle Reload,pass,,,,,,no_action,pending,normalize_result_accepted;case_source=tests/fixtures/fxname_manual_cases.csv,batch_test_candidate,0,ignore
fxname_manual_cases:168,霰弹枪开火,Shotgun Fire,pass,,,,,,no_action,pending,normalize_result_accepted;case_source=tests/fixtures/fxname_manual_cases.csv,batch_test_candidate,0,ignore
fxname_manual_cases:169,大炮爆炸,Cannon Explosion,pass,,,,,,no_action,pending,normalize_result_accepted;case_source=tests/fixtures/fxname_manual_cases.csv,batch_test_candidate,0,ignore
fxname_manual_cases:170,狗跑步,Dog Run,pass,,,,,,no_action,pending,normalize_result_accepted;case_source=tests/fixtures/fxname_manual_cases.csv,batch_test_candidate,0,ignore
fxname_manual_cases:171,狼呼啸,Wolf Whoosh,pass,,,,,,no_action,pending,normalize_result_accepted;case_source=tests/fixtures/fxname_manual_cases.csv,batch_test_candidate,0,ignore
fxname_manual_cases:172,鸟飞过,Bird Flyby,pass,,,,,,no_action,pending,normalize_result_accepted;case_source=tests/fixtures/fxname_manual_cases.csv,batch_test_candidate,0,ignore
fxname_manual_cases:173,人群脚步,Crowd Footstep,pass,,,,,,no_action,pending,normalize_result_accepted;case_source=tests/fixtures/fxname_manual_cases.csv,batch_test_candidate,0,ignore
fxname_manual_cases:174,人类走路,Human Walk,pass,,,,,,no_action,pending,normalize_result_accepted;case_source=tests/fixtures/fxname_manual_cases.csv,batch_test_candidate,0,ignore
fxname_manual_cases:175,室内玻璃破碎,Interior Glass Break,pass,,,,,,no_action,pending,normalize_result_accepted;case_source=tests/fixtures/fxname_manual_cases.csv,batch_test_candidate,0,ignore
fxname_manual_cases:176,室外金属撞击,Exterior Metal Impact,pass,,,,,,no_action,pending,normalize_result_accepted;case_source=tests/fixtures/fxname_manual_cases.csv,batch_test_candidate,0,ignore
fxname_manual_cases:177,远处火箭发射,Distant Rocket Launch,pass,,,,,,no_action,pending,normalize_result_accepted;case_source=tests/fixtures/fxname_manual_cases.csv,batch_test_candidate,0,ignore
fxname_manual_cases:178,近处木门关闭,Close Wood Door,pass,,,,,,no_action,pending,normalize_result_accepted;case_source=tests/fixtures/fxname_manual_cases.csv,batch_test_candidate,0,ignore
fxname_manual_cases:179,水下爆炸长尾,Underwater Explosion Long Tail,pass,,,,,,no_action,pending,normalize_result_accepted;case_source=tests/fixtures/fxname_manual_cases.csv,batch_test_candidate,0,ignore
fxname_manual_cases:180,空旷房间底噪,Open Room Tone,pass,,,,,,no_action,pending,normalize_result_accepted;case_source=tests/fixtures/fxname_manual_cases.csv,batch_test_candidate,0,ignore
fxname_manual_cases:181,封闭房间底噪,Enclosed Room Tone,pass,,,,,,no_action,pending,normalize_result_accepted;case_source=tests/fixtures/fxname_manual_cases.csv,batch_test_candidate,0,ignore
fxname_manual_cases:182,左侧 whoosh,Left Whoosh,pass,,,,,,no_action,pending,normalize_result_accepted;case_source=tests/fixtures/fxname_manual_cases.csv,batch_test_candidate,0,ignore
fxname_manual_cases:183,右侧爆炸,Right Explosion,pass,,,,,,no_action,pending,normalize_result_accepted;case_source=tests/fixtures/fxname_manual_cases.csv,batch_test_candidate,0,ignore
fxname_manual_cases:184,头顶飞过,Overhead Flyby,pass,,,,,,no_action,pending,normalize_result_accepted;case_source=tests/fixtures/fxname_manual_cases.csv,batch_test_candidate,0,ignore
fxname_manual_cases:185,背后脚步,Behind Footstep,pass,,,,,,no_action,pending,normalize_result_accepted;case_source=tests/fixtures/fxname_manual_cases.csv,batch_test_candidate,0,ignore
fxname_manual_cases:186,长混响金属撞击,Long Reverb Metal Impact,pass,,,,,,no_action,pending,normalize_result_accepted;case_source=tests/fixtures/fxname_manual_cases.csv,batch_test_candidate,0,ignore
fxname_manual_cases:187,短混响木头刮擦,Short Reverb Wood Scrape,pass,,,,,,no_action,pending,normalize_result_accepted;case_source=tests/fixtures/fxname_manual_cases.csv,batch_test_candidate,0,ignore
fxname_manual_cases:188,干声脚步,Dry Footstep,pass,,,,,,no_action,pending,normalize_result_accepted;case_source=tests/fixtures/fxname_manual_cases.csv,batch_test_candidate,0,ignore
fxname_manual_cases:189,湿声爆炸,Wet Explosion,pass,,,,,,no_action,pending,normalize_result_accepted;case_source=tests/fixtures/fxname_manual_cases.csv,batch_test_candidate,0,ignore
fxname_manual_cases:190,金属,Metal,pass,,,,,,no_action,pending,normalize_result_accepted;case_source=tests/fixtures/fxname_manual_cases.csv,batch_test_candidate,0,ignore
fxname_manual_cases:191,门,Door,pass,,,,,,no_action,pending,normalize_result_accepted;case_source=tests/fixtures/fxname_manual_cases.csv,batch_test_candidate,0,ignore
fxname_manual_cases:192,木桌,Wooden Table,pass,,,,,,no_action,pending,normalize_result_accepted;case_source=tests/fixtures/fxname_manual_cases.csv,batch_test_candidate,0,ignore
fxname_manual_cases:194,夔魍,,unknown,夔魍,,夔魍,,,needs_human_decision,pending,canonical_mapping_uncertain;needs_human_decision;case_source=tests/fixtures/fxname_manual_cases.csv,batch_test_candidate,0,needs_user_review
fxname_manual_cases:206,金属 kuang,Metal,partial,kuang,,kuang,,,needs_human_decision,pending,canonical_mapping_uncertain;needs_human_decision;case_source=tests/fixtures/fxname_manual_cases.csv,batch_test_candidate,0,needs_user_review
fxname_manual_cases:208,oh my god 金属,Metal,needs_review,,,,,,no_action,pending,needs_human_decision;case_source=tests/fixtures/fxname_manual_cases.csv,batch_test_candidate,0,needs_user_review
fxname_manual_cases:209,门 5m,Door 5m,pass,,,,,,no_action,pending,normalize_result_accepted;case_source=tests/fixtures/fxname_manual_cases.csv,batch_test_candidate,0,ignore
fxname_quality_cases:3,金属撞击,Metal Impact,pass,,,,,,no_action,pending,normalize_result_accepted;case_source=tests/fxname_quality_cases.csv,batch_test_candidate,0,ignore
fxname_quality_cases:5,水流,Water Flow,pass,,,,,,no_action,pending,normalize_result_accepted;case_source=tests/fxname_quality_cases.csv,batch_test_candidate,0,ignore
fxname_quality_cases:7,脚步,Footstep,pass,,,,,,no_action,pending,normalize_result_accepted;case_source=tests/fxname_quality_cases.csv,batch_test_candidate,0,ignore
fxname_quality_cases:8,门打开,Door Open,pass,,,,,,no_action,pending,normalize_result_accepted;case_source=tests/fxname_quality_cases.csv,batch_test_candidate,0,ignore
fxname_quality_cases:9,门关闭,Door Close,pass,,,,,,no_action,pending,normalize_result_accepted;case_source=tests/fxname_quality_cases.csv,batch_test_candidate,0,ignore
fxname_quality_cases:10,水流过石头,Water Flow Over Stone,pass,,,,,,no_action,pending,normalize_result_accepted;case_source=tests/fxname_quality_cases.csv,batch_test_candidate,0,ignore
fxname_quality_cases:11,Glass Break 玻璃,Glass Break,pass,,,,,,no_action,pending,normalize_result_accepted;case_source=tests/fxname_quality_cases.csv,batch_test_candidate,0,ignore
fxname_quality_cases:13,exterior 混响 room tone,Exterior Reverberant Room Tone,pass,,,,,,no_action,pending,normalize_result_accepted;case_source=tests/fxname_quality_cases.csv,batch_test_candidate,0,ignore
fxname_quality_cases:14,whoosh 飞过,Whoosh Flyby,pass,,,,,,no_action,pending,normalize_result_accepted;case_source=tests/fxname_quality_cases.csv,batch_test_candidate,0,ignore
fxname_quality_cases:15,B00M 风格 木门滑开,Wind Wood Door Slide Open,partial,格,,格,,,needs_human_decision,pending,canonical_mapping_uncertain;needs_human_decision;case_source=tests/fxname_quality_cases.csv,batch_test_candidate,0,needs_user_review
fxname_quality_cases:16,杯子掉落打碎,Cup Drop Shatter,pass,,,,,,no_action,pending,normalize_result_accepted;case_source=tests/fxname_quality_cases.csv,batch_test_candidate,0,ignore
fxname_quality_cases:17,拖动摩擦停止,Drag Friction Stop,pass,,,,,,no_action,pending,normalize_result_accepted;case_source=tests/fxname_quality_cases.csv,batch_test_candidate,0,ignore
fxname_quality_cases:18,打开关闭门,Door Open Close,pass,,,,,,no_action,pending,normalize_result_accepted;case_source=tests/fxname_quality_cases.csv,batch_test_candidate,0,ignore
fxname_quality_cases:19,木桌撞击,Wooden Table Impact,pass,,,,,,no_action,pending,normalize_result_accepted;case_source=tests/fxname_quality_cases.csv,batch_test_candidate,0,ignore
fxname_quality_cases:20,布帘拉动,Cloth Curtain Pull,pass,,,,,,no_action,pending,normalize_result_accepted;case_source=tests/fxname_quality_cases.csv,batch_test_candidate,0,ignore
fxname_quality_cases:21,纸袋撕裂,Paper Bag Tear,pass,,,,,,no_action,pending,normalize_result_accepted;case_source=tests/fxname_quality_cases.csv,batch_test_candidate,0,ignore
fxname_quality_cases:23,水流 过 石头,Water Flow Over Stone,pass,,,,,,no_action,pending,normalize_result_accepted;case_source=tests/fxname_quality_cases.csv,batch_test_candidate,0,ignore
fxname_quality_cases:24,金属 门撞 击,Metal Door Impact,pass,,,,,,no_action,pending,normalize_result_accepted;case_source=tests/fxname_quality_cases.csv,batch_test_candidate,0,ignore
fxname_quality_cases:25,玻璃 门滑 开,Glass Door Slide Open,pass,,,,,,no_action,pending,normalize_result_accepted;case_source=tests/fxname_quality_cases.csv,batch_test_candidate,0,ignore
fxname_quality_cases:26,引擎 怠速 轰油 门,Engine Idle Rev,pass,,,,,,no_action,pending,normalize_result_accepted;case_source=tests/fxname_quality_cases.csv,batch_test_candidate,0,ignore
fxname_quality_cases:27,汽车 外面 呼呼 驶过 带混 响,Car Exterior Whoosh Driveby Reverberant,pass,,,,,,no_action,pending,normalize_result_accepted;case_source=tests/fxname_quality_cases.csv,batch_test_candidate,0,ignore
fxname_quality_cases:28,单声 道室 外混 响底 噪,Mono Exterior Reverberant Room Tone,pass,,,,,,no_action,pending,normalize_result_accepted;case_source=tests/fxname_quality_cases.csv,batch_test_candidate,0,ignore
fxname_quality_cases:29,空办 公室 房间 底噪,Empty Office Room Tone,pass,,,,,,no_action,pending,normalize_result_accepted;case_source=tests/fxname_quality_cases.csv,batch_test_candidate,0,ignore
fxname_quality_cases:30,落叶 林清 晨鸟 叫,Decid Early Morning Birds,pass,,,,,,no_action,pending,normalize_result_accepted;case_source=tests/fxname_quality_cases.csv,batch_test_candidate,0,ignore
fxname_quality_cases:31,针叶 林蛙 鸣昆 虫,Conif Croak Insects,pass,,,,,,no_action,pending,normalize_result_accepted;case_source=tests/fxname_quality_cases.csv,batch_test_candidate,0,ignore
fxname_quality_cases:32,打磨,Sand,pass,,,,,,no_action,pending,normalize_result_accepted;case_source=tests/fxname_quality_cases.csv,batch_test_candidate,0,ignore
fxname_quality_cases:33,连发,Burst,pass,,,,,,no_action,pending,normalize_result_accepted;case_source=tests/fxname_quality_cases.csv,batch_test_candidate,0,ignore
fxname_quality_cases:34,wood door 滑开,Wood Door Slide Open,pass,,,,,,no_action,pending,normalize_result_accepted;case_source=tests/fxname_quality_cases.csv,batch_test_candidate,0,ignore
fxname_quality_cases:35,metal door 撞击,Metal Door Impact,pass,,,,,,no_action,pending,normalize_result_accepted;case_source=tests/fxname_quality_cases.csv,batch_test_candidate,0,ignore
fxname_quality_cases:36,plastic box 掉落,Plastic Box Drop,pass,,,,,,no_action,pending,normalize_result_accepted;case_source=tests/fxname_quality_cases.csv,batch_test_candidate,0,ignore
fxname_quality_cases:37,海克 斯宝 石碎 裂,Hex Gemstone Shatter,pass,,,,,,no_action,pending,normalize_result_accepted;case_source=tests/fxname_quality_cases.csv,batch_test_candidate,0,ignore
fxname_quality_cases:38,保时 捷外 面轰 油门 驶过,Porsche Exterior Rev Driveby,pass,,,,,,no_action,pending,normalize_result_accepted;case_source=tests/fxname_quality_cases.csv,batch_test_candidate,0,ignore
fxname_quality_cases:41,玻璃门滑开,Glass Door Slide Open,pass,,,,,,no_action,pending,normalize_result_accepted;case_source=tests/fxname_quality_cases.csv,batch_test_candidate,0,ignore
fxname_quality_cases:42,引擎怠速轰油门,Engine Idle Rev,pass,,,,,,no_action,pending,normalize_result_accepted;case_source=tests/fxname_quality_cases.csv,batch_test_candidate,0,ignore
smoke_real_cases:2,木头滑动,Wood Slide,pass,,,,,,no_action,pending,normalize_result_accepted;case_source=tests/smoke_real_cases.csv,batch_test_candidate,0,ignore
smoke_real_cases:4,石头滚动,Stone Roll,pass,,,,,,no_action,pending,normalize_result_accepted;case_source=tests/smoke_real_cases.csv,batch_test_candidate,0,ignore
smoke_real_cases:8,火箭飞过,Rocket Flyby,pass,,,,,,no_action,pending,normalize_result_accepted;case_source=tests/smoke_real_cases.csv,batch_test_candidate,0,ignore
smoke_real_cases:9,狼嚎火箭,Wolf Howl Rocket,pass,,,,,,no_action,pending,normalize_result_accepted;case_source=tests/smoke_real_cases.csv,batch_test_candidate,0,ignore
smoke_real_cases:10,火箭狼嚎飞过,Rocket Wolf Howl Flyby,pass,,,,,,no_action,pending,normalize_result_accepted;case_source=tests/smoke_real_cases.csv,batch_test_candidate,0,ignore
smoke_real_cases:11,魔法能量爆炸,Magic Energy Explosion,pass,,,,,,no_action,pending,normalize_result_accepted;case_source=tests/smoke_real_cases.csv,batch_test_candidate,0,ignore
smoke_real_cases:12,海克斯宝石碎裂,Hex Gemstone Shatter,pass,,,,,,no_action,pending,normalize_result_accepted;case_source=tests/smoke_real_cases.csv,batch_test_candidate,0,ignore
smoke_real_cases:13,冰块刮擦,Ice Block Scrape,pass,,,,,,no_action,pending,normalize_result_accepted;case_source=tests/smoke_real_cases.csv,batch_test_candidate,0,ignore
smoke_real_cases:16,布椅子拖动摩擦,Cloth Chair Drag Friction,pass,,,,,,no_action,pending,normalize_result_accepted;case_source=tests/smoke_real_cases.csv,batch_test_candidate,0,ignore
smoke_real_cases:17,玻璃杯子掉落破碎,Glass Cup Drop Break,pass,,,,,,no_action,pending,normalize_result_accepted;case_source=tests/smoke_real_cases.csv,batch_test_candidate,0,ignore
smoke_real_cases:18,冰斧刮擦冰砖,Ice Axe Scrape Ice Brick,pass,,,,,,no_action,pending,normalize_result_accepted;case_source=tests/smoke_real_cases.csv,batch_test_candidate,0,ignore
smoke_real_cases:19,冰砖冰斧刮擦,Ice Brick Ice Axe Scrape,pass,,,,,,no_action,pending,normalize_result_accepted;case_source=tests/smoke_real_cases.csv,batch_test_candidate,0,ignore
smoke_real_cases:20,弓搭箭皮托拉弦,Bow Nocked Leatherrest Drawing,pass,,,,,,no_action,pending,normalize_result_accepted;case_source=tests/smoke_real_cases.csv,batch_test_candidate,0,ignore
smoke_real_cases:21,竹子弓箭搭箭,Bamboo Bow And Arrow Nocked,pass,,,,,,no_action,pending,normalize_result_accepted;case_source=tests/smoke_real_cases.csv,batch_test_candidate,0,ignore
smoke_real_cases:22,拧螺丝咔哒关上,Screw Clicks Close,pass,,,,,,no_action,pending,normalize_result_accepted;case_source=tests/smoke_real_cases.csv,batch_test_candidate,0,ignore
smoke_real_cases:23,关门声关闭,Close Door Close,pass,,,,,,no_action,pending,normalize_result_accepted;case_source=tests/smoke_real_cases.csv,batch_test_candidate,0,ignore
smoke_real_cases:24,咔哒关上门,Clicks Close Door,pass,,,,,,no_action,pending,normalize_result_accepted;case_source=tests/smoke_real_cases.csv,batch_test_candidate,0,ignore
smoke_real_cases:25,木门推开,Wood Door Push Open,pass,,,,,,no_action,pending,normalize_result_accepted;case_source=tests/smoke_real_cases.csv,batch_test_candidate,0,ignore
smoke_real_cases:26,木门拉开,Wood Door Pull Open,pass,,,,,,no_action,pending,normalize_result_accepted;case_source=tests/smoke_real_cases.csv,batch_test_candidate,0,ignore
smoke_real_cases:27,前门滑开,Front Door Slide Open,pass,,,,,,no_action,pending,normalize_result_accepted;case_source=tests/smoke_real_cases.csv,batch_test_candidate,0,ignore
smoke_real_cases:30,铁门推开,Iron Door Push Open,pass,,,,,,no_action,pending,normalize_result_accepted;case_source=tests/smoke_real_cases.csv,batch_test_candidate,0,ignore
smoke_real_cases:32,车窗摇下,Window,partial,车;摇,,车,,,needs_human_decision,pending,canonical_mapping_uncertain;needs_human_decision;case_source=tests/smoke_real_cases.csv,batch_test_candidate,0,needs_user_review
smoke_real_cases:32,车窗摇下,Window,partial,车;摇,,摇,,,needs_human_decision,pending,canonical_mapping_uncertain;needs_human_decision;case_source=tests/smoke_real_cases.csv,batch_test_candidate,0,needs_user_review
smoke_real_cases:34,保时捷外面轰油门驶过,Porsche Exterior Rev Driveby,pass,,,,,,no_action,pending,normalize_result_accepted;case_source=tests/smoke_real_cases.csv,batch_test_candidate,0,ignore
smoke_real_cases:35,汽车外面呼呼驶过带混响,Car Exterior Whoosh Driveby Reverberant,pass,,,,,,no_action,pending,normalize_result_accepted;case_source=tests/smoke_real_cases.csv,batch_test_candidate,0,ignore
smoke_real_cases:36,单声道室外混响底噪,Mono Exterior Reverberant Room Tone,pass,,,,,,no_action,pending,normalize_result_accepted;case_source=tests/smoke_real_cases.csv,batch_test_candidate,0,ignore
smoke_real_cases:37,空办公室房间底噪,Empty Office Room Tone,pass,,,,,,no_action,pending,normalize_result_accepted;case_source=tests/smoke_real_cases.csv,batch_test_candidate,0,ignore
smoke_real_cases:38,落叶林清晨鸟叫,Decid Early Morning Birds,pass,,,,,,no_action,pending,normalize_result_accepted;case_source=tests/smoke_real_cases.csv,batch_test_candidate,0,ignore
smoke_real_cases:39,针叶林蛙鸣昆虫,Conif Croak Insects,pass,,,,,,no_action,pending,normalize_result_accepted;case_source=tests/smoke_real_cases.csv,batch_test_candidate,0,ignore
smoke_real_cases:40,户外虫鸣,Outdoor Insects,pass,,,,,,no_action,pending,normalize_result_accepted;case_source=tests/smoke_real_cases.csv,batch_test_candidate,0,ignore
smoke_real_cases:41,嗖的一声飞过去,Swish Flyby,pass,,,,,,no_action,pending,normalize_result_accepted;case_source=tests/smoke_real_cases.csv,batch_test_candidate,0,ignore
smoke_real_cases:42,呼啸飞过,Whoosh Flyby,pass,,,,,,no_action,pending,normalize_result_accepted;case_source=tests/smoke_real_cases.csv,batch_test_candidate,0,ignore
smoke_real_cases:43,大炮发射飞过,Cannon Launch Flyby,pass,,,,,,no_action,pending,normalize_result_accepted;case_source=tests/smoke_real_cases.csv,batch_test_candidate,0,ignore
smoke_real_cases:44,加农炮齐射,Cannon,partial,齐射,,齐射,,,needs_human_decision,pending,canonical_mapping_uncertain;needs_human_decision;case_source=tests/smoke_real_cases.csv,batch_test_candidate,0,needs_user_review
smoke_real_cases:45,机枪短点射,Guard,partial,短点射,,短点射,,,needs_human_decision,pending,canonical_mapping_uncertain;needs_human_decision;case_source=tests/smoke_real_cases.csv,batch_test_candidate,0,needs_user_review
smoke_real_cases:46,手枪单发,Pistol,partial,单发,,单发,Single Shot,action,existing_alias_missing,pending,existing_ai_candidate;candidate_decision=needs_review;candidate_source=exports/ai_alias_prompt_pack/ai_alias_candidates_decision_recommendations_v2.csv;needs_human_decision;case_source=tests/smoke_real_cases.csv,existing_ai_candidate,0,review_existing_candidate
smoke_real_cases:47,步枪连发,Rifle Burst,pass,,,,,,no_action,pending,normalize_result_accepted;case_source=tests/smoke_real_cases.csv,batch_test_candidate,0,ignore
smoke_real_cases:48,霰弹枪上膛,Shotgun,partial,上膛,,上膛,,,needs_human_decision,pending,canonical_mapping_uncertain;needs_human_decision;case_source=tests/smoke_real_cases.csv,batch_test_candidate,0,needs_user_review
smoke_real_cases:49,子弹落地,Bullets Land,pass,,,,,,no_action,pending,normalize_result_accepted;case_source=tests/smoke_real_cases.csv,batch_test_candidate,0,ignore
smoke_real_cases:50,弹壳落地,Shell Land,pass,,,,,,no_action,pending,normalize_result_accepted;case_source=tests/smoke_real_cases.csv,batch_test_candidate,0,ignore
smoke_real_cases:51,刀剑挥砍,Knife Sword,partial,挥砍,,挥砍,,,needs_human_decision,pending,canonical_mapping_uncertain;needs_human_decision;case_source=tests/smoke_real_cases.csv,batch_test_candidate,0,needs_user_review
smoke_real_cases:52,剑拖在地上,Sword Drag,partial,地上,,地上,,,needs_human_decision,pending,canonical_mapping_uncertain;needs_human_decision;case_source=tests/smoke_real_cases.csv,batch_test_candidate,0,needs_user_review
smoke_real_cases:53,盾牌撞击,Impact,partial,盾牌,,盾牌,,,needs_human_decision,pending,canonical_mapping_uncertain;needs_human_decision;case_source=tests/smoke_real_cases.csv,batch_test_candidate,0,needs_user_review
smoke_real_cases:54,盔甲碰撞,Impact,partial,盔甲,,盔甲,,,needs_human_decision,pending,canonical_mapping_uncertain;needs_human_decision;case_source=tests/smoke_real_cases.csv,batch_test_candidate,0,needs_user_review
smoke_real_cases:55,脚步声木地板,Footstep Parquet,pass,,,,,,no_action,pending,normalize_result_accepted;case_source=tests/smoke_real_cases.csv,batch_test_candidate,0,ignore
smoke_real_cases:56,高跟鞋走路,Walk,partial,高;鞋,,高,,,needs_human_decision,pending,canonical_mapping_uncertain;needs_human_decision;case_source=tests/smoke_real_cases.csv,batch_test_candidate,0,needs_user_review
smoke_real_cases:56,高跟鞋走路,Walk,partial,高;鞋,,鞋,,,needs_human_decision,pending,canonical_mapping_uncertain;needs_human_decision;case_source=tests/smoke_real_cases.csv,batch_test_candidate,0,needs_user_review
smoke_real_cases:57,跑步泥土,Run Dirt,pass,,,,,,no_action,pending,normalize_result_accepted;case_source=tests/smoke_real_cases.csv,batch_test_candidate,0,ignore
smoke_real_cases:58,人群呐喊,Crowd,partial,呐喊,,呐喊,,,needs_human_decision,pending,canonical_mapping_uncertain;needs_human_decision;case_source=tests/smoke_real_cases.csv,batch_test_candidate,0,needs_user_review
smoke_real_cases:59,战场呐喊,Battle Shout,pass,,,,,,no_action,pending,normalize_result_accepted;case_source=tests/smoke_real_cases.csv,batch_test_candidate,0,ignore
smoke_real_cases:60,僵尸呻吟,Zombie Groan,pass,,,,,,no_action,pending,normalize_result_accepted;case_source=tests/smoke_real_cases.csv,batch_test_candidate,0,ignore
smoke_real_cases:61,狼嚎远处,Wolf Howl Distant,pass,,,,,,no_action,pending,normalize_result_accepted;case_source=tests/smoke_real_cases.csv,batch_test_candidate,0,ignore
smoke_real_cases:62,鸟振翅,Bird,partial,振翅,,振翅,,,needs_human_decision,pending,canonical_mapping_uncertain;needs_human_decision;case_source=tests/smoke_real_cases.csv,batch_test_candidate,0,needs_user_review
smoke_real_cases:63,昆虫嗡嗡,Insects Whirr,pass,,,,,,no_action,pending,normalize_result_accepted;case_source=tests/smoke_real_cases.csv,batch_test_candidate,0,ignore
smoke_real_cases:64,水流滴落,Water Flow Drip,pass,,,,,,no_action,pending,normalize_result_accepted;case_source=tests/smoke_real_cases.csv,batch_test_candidate,0,ignore
smoke_real_cases:65,雨水打在屋顶,Rain Water,needs_review,屋顶,打,屋顶,,,needs_human_decision,pending,canonical_mapping_uncertain;needs_human_decision;case_source=tests/smoke_real_cases.csv,batch_test_candidate,0,needs_user_review
smoke_real_cases:65,雨水打在屋顶,Rain Water,needs_review,屋顶,打,,,,no_action,pending,canonical_review_row_exists=打;do_not_duplicate_raw;needs_human_decision;case_source=tests/smoke_real_cases.csv,batch_test_candidate,0,needs_user_review
smoke_real_cases:66,雷声远,Thunder,partial,声远,,声远,,,needs_human_decision,pending,canonical_mapping_uncertain;needs_human_decision;case_source=tests/smoke_real_cases.csv,batch_test_candidate,0,needs_user_review
smoke_real_cases:67,风声呼啸,Wind Whoosh,pass,,,,,,no_action,pending,normalize_result_accepted;case_source=tests/smoke_real_cases.csv,batch_test_candidate,0,ignore
smoke_real_cases:69,木头断裂,Wood Apart,pass,,,,,,no_action,pending,normalize_result_accepted;case_source=tests/smoke_real_cases.csv,batch_test_candidate,0,ignore
smoke_real_cases:70,树枝折断,Tree Snap,partial,枝,,枝,,,needs_human_decision,pending,canonical_mapping_uncertain;needs_human_decision;case_source=tests/smoke_real_cases.csv,batch_test_candidate,0,needs_user_review
smoke_real_cases:71,石头掉落,Stone Drop,pass,,,,,,no_action,pending,normalize_result_accepted;case_source=tests/smoke_real_cases.csv,batch_test_candidate,0,ignore
smoke_real_cases:72,沙袋落地,Land,partial,沙袋,,沙袋,,,needs_human_decision,pending,canonical_mapping_uncertain;needs_human_decision;case_source=tests/smoke_real_cases.csv,batch_test_candidate,0,needs_user_review
smoke_real_cases:73,纸箱掉落,Cardboard Box Drop,pass,,,,,,no_action,pending,normalize_result_accepted;case_source=tests/smoke_real_cases.csv,batch_test_candidate,0,ignore
smoke_real_cases:74,塑料箱砸地,Plastic Impact,partial,箱;地,,箱,,,needs_human_decision,pending,canonical_mapping_uncertain;needs_human_decision;case_source=tests/smoke_real_cases.csv,batch_test_candidate,0,needs_user_review
smoke_real_cases:74,塑料箱砸地,Plastic Impact,partial,箱;地,,地,,,needs_human_decision,pending,canonical_mapping_uncertain;needs_human_decision;case_source=tests/smoke_real_cases.csv,batch_test_candidate,0,needs_user_review
smoke_real_cases:75,硬币掉落,Coins Drop,pass,,,,,,no_action,pending,normalize_result_accepted;case_source=tests/smoke_real_cases.csv,batch_test_candidate,0,ignore
smoke_real_cases:76,钥匙碰撞,Key Impact,pass,,,,,,no_action,pending,normalize_result_accepted;case_source=tests/smoke_real_cases.csv,batch_test_candidate,0,ignore
smoke_real_cases:77,链条晃动,Chain Jiggle,pass,,,,,,no_action,pending,normalize_result_accepted;case_source=tests/smoke_real_cases.csv,batch_test_candidate,0,ignore
smoke_real_cases:78,锁转动,Lock Turn,pass,,,,,,no_action,pending,normalize_result_accepted;case_source=tests/smoke_real_cases.csv,batch_test_candidate,0,ignore
smoke_real_cases:79,门铃响,Doorbell,needs_review,,响,,,,no_action,pending,canonical_review_row_exists=响;do_not_duplicate_raw;needs_human_decision;case_source=tests/smoke_real_cases.csv,batch_test_candidate,0,needs_user_review
smoke_real_cases:80,电话铃声,Telephone Bell,pass,,,,,,no_action,pending,normalize_result_accepted;case_source=tests/smoke_real_cases.csv,batch_test_candidate,0,ignore
smoke_real_cases:81,开关咔哒,Switch Clicks,pass,,,,,,no_action,pending,normalize_result_accepted;case_source=tests/smoke_real_cases.csv,batch_test_candidate,0,ignore
smoke_real_cases:82,按钮按下,Button Press,pass,,,,,,no_action,pending,normalize_result_accepted;case_source=tests/smoke_real_cases.csv,batch_test_candidate,0,ignore
smoke_real_cases:83,键盘敲击,Knock,partial,键盘,,键盘,,,needs_human_decision,pending,canonical_mapping_uncertain;needs_human_decision;case_source=tests/smoke_real_cases.csv,batch_test_candidate,0,needs_user_review
smoke_real_cases:84,鼠标点击,Mouse Click,pass,,,,,,no_action,pending,normalize_result_accepted;case_source=tests/smoke_real_cases.csv,batch_test_candidate,0,ignore
smoke_real_cases:85,抽屉拉开,Drawer Pull Open,pass,,,,,,no_action,pending,normalize_result_accepted;case_source=tests/smoke_real_cases.csv,batch_test_candidate,0,ignore
smoke_real_cases:86,柜子门关上,Cabinet Door Close,pass,,,,,,no_action,pending,normalize_result_accepted;case_source=tests/smoke_real_cases.csv,batch_test_candidate,0,ignore
smoke_real_cases:87,冰箱门打开,Ice Door Open,partial,箱,,箱,,,needs_human_decision,pending,canonical_mapping_uncertain;needs_human_decision;case_source=tests/smoke_real_cases.csv,batch_test_candidate,0,needs_user_review
smoke_real_cases:88,微波炉叮,Twinkle,partial,微波炉,,微波炉,,,needs_human_decision,pending,canonical_mapping_uncertain;needs_human_decision;case_source=tests/smoke_real_cases.csv,batch_test_candidate,0,needs_user_review
smoke_real_cases:89,咖啡机蒸汽,Steam,partial,咖啡机,,咖啡机,,,needs_human_decision,pending,canonical_mapping_uncertain;needs_human_decision;case_source=tests/smoke_real_cases.csv,batch_test_candidate,0,needs_user_review
smoke_real_cases:90,浓缩咖啡机插入蒸汽,Espresso Insert Steam,partial,机,,机,,,needs_human_decision,pending,canonical_mapping_uncertain;needs_human_decision;case_source=tests/smoke_real_cases.csv,batch_test_candidate,0,needs_user_review
smoke_real_cases:91,盘子碰撞,Impact,partial,盘子,,盘子,,,needs_human_decision,pending,canonical_mapping_uncertain;needs_human_decision;case_source=tests/smoke_real_cases.csv,batch_test_candidate,0,needs_user_review
smoke_real_cases:92,刀切菜,Knife Chop,partial,菜,,菜,,,needs_human_decision,pending,canonical_mapping_uncertain;needs_human_decision;case_source=tests/smoke_real_cases.csv,batch_test_candidate,0,needs_user_review
smoke_real_cases:93,倒水入杯,Pour Water Into Cup,pass,,,,,,no_action,pending,normalize_result_accepted;case_source=tests/smoke_real_cases.csv,batch_test_candidate,0,ignore
smoke_real_cases:94,玻璃杯放下,Glass,partial,杯放,,杯放,,,needs_human_decision,pending,canonical_mapping_uncertain;needs_human_decision;case_source=tests/smoke_real_cases.csv,batch_test_candidate,0,needs_user_review
smoke_real_cases:95,酒瓶碰撞,Impact,partial,酒瓶,,酒瓶,,,needs_human_decision,pending,canonical_mapping_uncertain;needs_human_decision;case_source=tests/smoke_real_cases.csv,batch_test_candidate,0,needs_user_review
smoke_real_cases:96,开瓶盖,Bottle Cap Open,pass,,,,,,no_action,pending,normalize_result_accepted;case_source=tests/smoke_real_cases.csv,batch_test_candidate,0,ignore
smoke_real_cases:97,拉链拉动,Zipper Pull,pass,,,,,,no_action,pending,normalize_result_accepted;case_source=tests/smoke_real_cases.csv,batch_test_candidate,0,ignore
smoke_real_cases:98,衣物摩擦,Clothes Friction,pass,,,,,,no_action,pending,normalize_result_accepted;case_source=tests/smoke_real_cases.csv,batch_test_candidate,0,ignore
smoke_real_cases:99,布料抖动,Cloth Flutter,pass,,,,,,no_action,pending,normalize_result_accepted;case_source=tests/smoke_real_cases.csv,batch_test_candidate,0,ignore
smoke_real_cases:100,皮带扣响,,needs_review,皮带扣,响,皮带扣,,,needs_human_decision,pending,canonical_mapping_uncertain;needs_human_decision;case_source=tests/smoke_real_cases.csv,batch_test_candidate,0,needs_user_review
smoke_real_cases:100,皮带扣响,,needs_review,皮带扣,响,,,,no_action,pending,canonical_review_row_exists=响;do_not_duplicate_raw;needs_human_decision;case_source=tests/smoke_real_cases.csv,batch_test_candidate,0,needs_user_review
smoke_real_cases:101,高跟鞋踩地,High Heel Footstep,pass,,,,,,no_action,pending,normalize_result_accepted;case_source=tests/smoke_real_cases.csv,batch_test_candidate,0,ignore
smoke_real_cases:102,雨伞打开,Rain Umbrella Open,pass,,,,,,no_action,pending,normalize_result_accepted;case_source=tests/smoke_real_cases.csv,batch_test_candidate,0,ignore
smoke_real_cases:103,皮鞭抽打,Whip,needs_review,皮;抽,打,皮,,,needs_human_decision,pending,canonical_mapping_uncertain;needs_human_decision;case_source=tests/smoke_real_cases.csv,batch_test_candidate,0,needs_user_review
smoke_real_cases:103,皮鞭抽打,Whip,needs_review,皮;抽,打,抽,,,needs_human_decision,pending,canonical_mapping_uncertain;needs_human_decision;case_source=tests/smoke_real_cases.csv,batch_test_candidate,0,needs_user_review
smoke_real_cases:103,皮鞭抽打,Whip,needs_review,皮;抽,打,,,,no_action,pending,canonical_review_row_exists=打;do_not_duplicate_raw;needs_human_decision;case_source=tests/smoke_real_cases.csv,batch_test_candidate,0,needs_user_review
smoke_real_cases:104,爆炸冲击波,Explosion Punchy,partial,波,,波,,,needs_human_decision,pending,canonical_mapping_uncertain;needs_human_decision;case_source=tests/smoke_real_cases.csv,batch_test_candidate,0,needs_user_review
smoke_real_cases:105,能量冲击,Energy Punchy,pass,,,,,,no_action,pending,normalize_result_accepted;case_source=tests/smoke_real_cases.csv,batch_test_candidate,0,ignore
smoke_real_cases:106,魔法释放,Magic Release,pass,,,,,,no_action,pending,normalize_result_accepted;case_source=tests/smoke_real_cases.csv,batch_test_candidate,0,ignore
smoke_real_cases:107,传送门开启,Teleport Door,partial,开启,,开启,,,needs_human_decision,pending,canonical_mapping_uncertain;needs_human_decision;case_source=tests/smoke_real_cases.csv,batch_test_candidate,0,needs_user_review
smoke_real_cases:108,激光发射,Lasers Launch,pass,,,,,,no_action,pending,normalize_result_accepted;case_source=tests/smoke_real_cases.csv,batch_test_candidate,0,ignore
smoke_real_cases:109,机器人脚步,Robot Footstep,pass,,,,,,no_action,pending,normalize_result_accepted;case_source=tests/smoke_real_cases.csv,batch_test_candidate,0,ignore
smoke_real_cases:110,机械伺服,Mechanical,partial,伺服,,伺服,,,needs_human_decision,pending,canonical_mapping_uncertain;needs_human_decision;case_source=tests/smoke_real_cases.csv,batch_test_candidate,0,needs_user_review
smoke_real_cases:111,液压伸缩,Hydraulic Stretch,pass,,,,,,no_action,pending,normalize_result_accepted;case_source=tests/smoke_real_cases.csv,batch_test_candidate,0,ignore
smoke_real_cases:112,齿轮转动,Gear Turn,pass,,,,,,no_action,pending,normalize_result_accepted;case_source=tests/smoke_real_cases.csv,batch_test_candidate,0,ignore
smoke_real_cases:113,电梯运行,Elevator,partial,运行,,运行,,,needs_human_decision,pending,canonical_mapping_uncertain;needs_human_decision;case_source=tests/smoke_real_cases.csv,batch_test_candidate,0,needs_user_review
smoke_real_cases:114,火车经过,Train Pass By,pass,,,,,,no_action,pending,normalize_result_accepted;case_source=tests/smoke_real_cases.csv,batch_test_candidate,0,ignore
smoke_real_cases:115,地铁进站,Subway,partial,进站,,进站,,,needs_human_decision,pending,canonical_mapping_uncertain;needs_human_decision;case_source=tests/smoke_real_cases.csv,batch_test_candidate,0,needs_user_review
smoke_real_cases:117,直升机盘旋,Helicopter,partial,盘旋,,盘旋,,,needs_human_decision,pending,canonical_mapping_uncertain;needs_human_decision;case_source=tests/smoke_real_cases.csv,batch_test_candidate,0,needs_user_review
smoke_real_cases:119,自行车铃,Bicycle Bell,pass,,,,,,no_action,pending,normalize_result_accepted;case_source=tests/smoke_real_cases.csv,batch_test_candidate,0,ignore
smoke_real_cases:120,船汽笛,Boat,partial,汽笛,,汽笛,,,needs_human_decision,pending,canonical_mapping_uncertain;needs_human_decision;case_source=tests/smoke_real_cases.csv,batch_test_candidate,0,needs_user_review
smoke_real_cases:121,汽车喇叭,Car Horn,pass,,,,,,no_action,pending,normalize_result_accepted;case_source=tests/smoke_real_cases.csv,batch_test_candidate,0,ignore
smoke_real_cases:122,刹车尖叫,Brake Scream,pass,,,,,,no_action,pending,normalize_result_accepted;case_source=tests/smoke_real_cases.csv,batch_test_candidate,0,ignore
smoke_real_cases:124,碰撞车祸,Impact,partial,车祸,,车祸,,,needs_human_decision,pending,canonical_mapping_uncertain;needs_human_decision;case_source=tests/smoke_real_cases.csv,batch_test_candidate,0,needs_user_review
smoke_real_cases:127,砖墙坍塌,Brick Wall Collapse,pass,,,,,,no_action,pending,normalize_result_accepted;case_source=tests/smoke_real_cases.csv,batch_test_candidate,0,ignore
smoke_real_cases:128,木头门踹开,Wood Door,partial,踹开,,踹开,,,needs_human_decision,pending,canonical_mapping_uncertain;needs_human_decision;case_source=tests/smoke_real_cases.csv,batch_test_candidate,0,needs_user_review
smoke_real_cases:129,保险箱打开,Open,partial,保险箱,,保险箱,,,needs_human_decision,pending,canonical_mapping_uncertain;needs_human_decision;case_source=tests/smoke_real_cases.csv,batch_test_candidate,0,needs_user_review
smoke_real_cases:130,收银机开箱,Cash Register,partial,开箱,,开箱,,,needs_human_decision,pending,canonical_mapping_uncertain;needs_human_decision;case_source=tests/smoke_real_cases.csv,batch_test_candidate,0,needs_user_review
smoke_real_cases:131,打字机按键,Typewriter,partial,按键,,按键,,,needs_human_decision,pending,canonical_mapping_uncertain;needs_human_decision;case_source=tests/smoke_real_cases.csv,batch_test_candidate,0,needs_user_review
smoke_real_cases:132,相机快门,Door,partial,相机快,,相机快,,,needs_human_decision,pending,canonical_mapping_uncertain;needs_human_decision;case_source=tests/smoke_real_cases.csv,batch_test_candidate,0,needs_user_review
smoke_real_cases:133,闪光灯充能,Camera Flash Charge,pass,,,,,,no_action,pending,normalize_result_accepted;case_source=tests/smoke_real_cases.csv,batch_test_candidate,0,ignore
smoke_real_cases:134,心跳,Heartbeat,pass,,,,,,no_action,pending,normalize_result_accepted;case_source=tests/smoke_real_cases.csv,batch_test_candidate,0,ignore
smoke_real_cases:135,呼吸急促,Breathe,partial,急促,,急促,,,needs_human_decision,pending,canonical_mapping_uncertain;needs_human_decision;case_source=tests/smoke_real_cases.csv,batch_test_candidate,0,needs_user_review
smoke_real_cases:136,咳嗽,Cough,pass,,,,,,no_action,pending,normalize_result_accepted;case_source=tests/smoke_real_cases.csv,batch_test_candidate,0,ignore
smoke_real_cases:138,掌声,Applause,pass,,,,,,no_action,pending,normalize_result_accepted;case_source=tests/smoke_real_cases.csv,batch_test_candidate,0,ignore
smoke_real_cases:139,人群鼓掌,Crowd,partial,鼓掌,,鼓掌,,,needs_human_decision,pending,canonical_mapping_uncertain;needs_human_decision;case_source=tests/smoke_real_cases.csv,batch_test_candidate,0,needs_user_review
smoke_real_cases:140,欢呼声,Cheer,pass,,,,,,no_action,pending,normalize_result_accepted;case_source=tests/smoke_real_cases.csv,batch_test_candidate,0,ignore
smoke_real_cases:141,儿童玩耍,Children,partial,玩耍,,玩耍,,,needs_human_decision,pending,canonical_mapping_uncertain;needs_human_decision;case_source=tests/smoke_real_cases.csv,batch_test_candidate,0,needs_user_review
smoke_real_cases:142,婴儿哭泣,Baby Crying,pass,,,,,,no_action,pending,normalize_result_accepted;case_source=tests/smoke_real_cases.csv,batch_test_candidate,0,ignore
smoke_real_cases:143,猫叫,Cat Meow,pass,,,,,,no_action,pending,normalize_result_accepted;case_source=tests/smoke_real_cases.csv,batch_test_candidate,0,ignore
smoke_real_cases:144,狗吠,Dog,partial,吠,,吠,,,needs_human_decision,pending,canonical_mapping_uncertain;needs_human_decision;case_source=tests/smoke_real_cases.csv,batch_test_candidate,0,needs_user_review
smoke_real_cases:145,马蹄奔跑,Horse,partial,蹄奔跑,,蹄奔跑,,,needs_human_decision,pending,canonical_mapping_uncertain;needs_human_decision;case_source=tests/smoke_real_cases.csv,batch_test_candidate,0,needs_user_review
smoke_real_cases:146,牛叫,Cow Moo,pass,,,,,,no_action,pending,normalize_result_accepted;case_source=tests/smoke_real_cases.csv,batch_test_candidate,0,ignore
smoke_real_cases:147,猪叫,Pig Oink,pass,,,,,,no_action,pending,normalize_result_accepted;case_source=tests/smoke_real_cases.csv,batch_test_candidate,0,ignore
smoke_real_cases:148,鸡叫,Chicken Cluck,pass,,,,,,no_action,pending,normalize_result_accepted;case_source=tests/smoke_real_cases.csv,batch_test_candidate,0,ignore
smoke_real_cases:149,海鸥叫,Seagull Call,pass,,,,,,no_action,pending,normalize_result_accepted;case_source=tests/smoke_real_cases.csv,batch_test_candidate,0,ignore
smoke_real_cases:150,鲸鱼叫声,Whale Call,pass,,,,,,no_action,pending,normalize_result_accepted;case_source=tests/smoke_real_cases.csv,batch_test_candidate,0,ignore
smoke_real_cases:151,海豚跳跃,Jump,partial,海豚,,海豚,,,needs_human_decision,pending,canonical_mapping_uncertain;needs_human_decision;case_source=tests/smoke_real_cases.csv,batch_test_candidate,0,needs_user_review
smoke_real_cases:152,海浪拍打,Waves Slap,pass,,,,,,no_action,pending,normalize_result_accepted;case_source=tests/smoke_real_cases.csv,batch_test_candidate,0,ignore
smoke_real_cases:153,溪流潺潺,Stream Flow,pass,,,,,,no_action,pending,normalize_result_accepted;case_source=tests/smoke_real_cases.csv,batch_test_candidate,0,ignore
smoke_real_cases:154,瀑布轰鸣,Waterfall,partial,轰鸣,,轰鸣,,,needs_human_decision,pending,canonical_mapping_uncertain;needs_human_decision;case_source=tests/smoke_real_cases.csv,batch_test_candidate,0,needs_user_review
smoke_real_cases:155,洞穴滴水,Leak Water,partial,洞穴,,洞穴,,,needs_human_decision,pending,canonical_mapping_uncertain;needs_human_decision;case_source=tests/smoke_real_cases.csv,batch_test_candidate,0,needs_user_review
smoke_real_cases:156,回声走廊,Hallway,partial,回声,,,,,surface_cleanup_needed,pending,surface_exception_requires_review;raw=回声;needs_human_decision;case_source=tests/smoke_real_cases.csv,batch_test_candidate,0,needs_user_review
smoke_real_cases:157,混响大厅,Reverberant Hall,pass,,,,,,no_action,pending,normalize_result_accepted;case_source=tests/smoke_real_cases.csv,batch_test_candidate,0,ignore
smoke_real_cases:158,室外空旷,Exterior Open,pass,,,,,,no_action,pending,normalize_result_accepted;case_source=tests/smoke_real_cases.csv,batch_test_candidate,0,ignore
smoke_real_cases:159,室内小房间,Interior Room,partial,小,,小,,,needs_human_decision,pending,canonical_mapping_uncertain;needs_human_decision;case_source=tests/smoke_real_cases.csv,batch_test_candidate,0,needs_user_review
smoke_real_cases:160,金属管道敲击,Metal Pipe Knock,pass,,,,,,no_action,pending,normalize_result_accepted;case_source=tests/smoke_real_cases.csv,batch_test_candidate,0,ignore
smoke_real_cases:161,钢管掉落,Steel Drop,partial,管,,管,,,needs_human_decision,pending,canonical_mapping_uncertain;needs_human_decision;case_source=tests/smoke_real_cases.csv,batch_test_candidate,0,needs_user_review
smoke_real_cases:162,铁链拖地,Chain Drag,partial,地,,地,,,needs_human_decision,pending,canonical_mapping_uncertain;needs_human_decision;case_source=tests/smoke_real_cases.csv,batch_test_candidate,0,needs_user_review
smoke_real_cases:163,焊接火花,Fire,partial,焊接;花,,焊接,,,needs_human_decision,pending,canonical_mapping_uncertain;needs_human_decision;case_source=tests/smoke_real_cases.csv,batch_test_candidate,0,needs_user_review
smoke_real_cases:163,焊接火花,Fire,partial,焊接;花,,花,,,needs_human_decision,pending,canonical_mapping_uncertain;needs_human_decision;case_source=tests/smoke_real_cases.csv,batch_test_candidate,0,needs_user_review
smoke_real_cases:164,砂纸打磨,Paper Sand,partial,砂,,砂,,,needs_human_decision,pending,canonical_mapping_uncertain;needs_human_decision;case_source=tests/smoke_real_cases.csv,batch_test_candidate,0,needs_user_review
smoke_real_cases:166,锤子敲击,Hammer Knock,pass,,,,,,no_action,pending,normalize_result_accepted;case_source=tests/smoke_real_cases.csv,batch_test_candidate,0,ignore
smoke_real_cases:167,电钻钻孔,Power Drill Drilling,pass,,,,,,no_action,pending,normalize_result_accepted;case_source=tests/smoke_real_cases.csv,batch_test_candidate,0,ignore
smoke_real_cases:168,螺丝拧紧,Screw Twist,partial,紧,,紧,,,needs_human_decision,pending,canonical_mapping_uncertain;needs_human_decision;case_source=tests/smoke_real_cases.csv,batch_test_candidate,0,needs_user_review
smoke_real_cases:169,扳手转动,Wrench Turn,pass,,,,,,no_action,pending,normalize_result_accepted;case_source=tests/smoke_real_cases.csv,batch_test_candidate,0,ignore
smoke_real_cases:170,工具箱放下,Tools,partial,箱放,,箱放,,,needs_human_decision,pending,canonical_mapping_uncertain;needs_human_decision;case_source=tests/smoke_real_cases.csv,batch_test_candidate,0,needs_user_review
zh_fxname_cases_batch2_plan:md012,车辆碰撞,Car Crash,pass,,,,,,no_action,pending,normalize_result_accepted;case_source=tests/zh_fxname_cases_batch2_plan.md,batch_test_candidate,0,ignore
zh_fxname_cases_batch2_plan:md026,木门-滑开01,Wood Door Slide Open,needs_review,,,,,,no_action,pending,needs_human_decision;case_source=tests/zh_fxname_cases_batch2_plan.md,batch_test_candidate,0,needs_user_review
zh_fxname_cases_batch2_plan:md027,金属门 撞击 A03,Metal Door Impact,needs_review,,,,,,no_action,pending,needs_human_decision;case_source=tests/zh_fxname_cases_batch2_plan.md,batch_test_candidate,0,needs_user_review
zh_fxname_cases_batch2_plan:md028,冰块刮擦冰砖co100k,Ice Scrape Ice Brick,needs_review,,,,,,no_action,pending,needs_human_decision;case_source=tests/zh_fxname_cases_batch2_plan.md,batch_test_candidate,0,needs_user_review
zh_fxname_cases_batch2_plan:md029,皮革摩擦MKH8040,Leather Friction,needs_review,,,,,,no_action,pending,needs_human_decision;case_source=tests/zh_fxname_cases_batch2_plan.md,batch_test_candidate,0,needs_user_review
zh_fxname_cases_batch2_plan:md030,石头拖地 远景,Stone Drag Distant,partial,地,,地,,,needs_human_decision,pending,canonical_mapping_uncertain;needs_human_decision;case_source=tests/zh_fxname_cases_batch2_plan.md,batch_test_candidate,0,needs_user_review
zh_fxname_cases_batch2_plan:md031,塑料盒掉落 close,Plastic Box Drop Close,pass,,,,,,no_action,pending,normalize_result_accepted;case_source=tests/zh_fxname_cases_batch2_plan.md,batch_test_candidate,0,ignore
zh_fxname_cases_batch2_plan:md032,玻璃杯碰杯 双声道,Glass Glass Clink,partial,杯;双声道,,杯,,,needs_human_decision,pending,canonical_mapping_uncertain;needs_human_decision;case_source=tests/zh_fxname_cases_batch2_plan.md,batch_test_candidate,0,needs_user_review
zh_fxname_cases_batch2_plan:md032,玻璃杯碰杯 双声道,Glass Glass Clink,partial,杯;双声道,,双声道,,,needs_human_decision,pending,canonical_mapping_uncertain;needs_human_decision;case_source=tests/zh_fxname_cases_batch2_plan.md,batch_test_candidate,0,needs_user_review
zh_fxname_cases_batch2_plan:md033,门响 不好听,Door,needs_review,不好听,响,不好听,,,needs_human_decision,pending,canonical_mapping_uncertain;needs_human_decision;case_source=tests/zh_fxname_cases_batch2_plan.md,batch_test_candidate,0,needs_user_review
zh_fxname_cases_batch2_plan:md033,门响 不好听,Door,needs_review,不好听,响,,,,no_action,pending,canonical_review_row_exists=响;do_not_duplicate_raw;needs_human_decision;case_source=tests/zh_fxname_cases_batch2_plan.md,batch_test_candidate,0,needs_user_review
zh_fxname_cases_batch2_plan:md034,乱七八糟的铁片响,Iron Plate,needs_review,乱七八糟,响,乱七八糟,,,needs_human_decision,pending,canonical_mapping_uncertain;needs_human_decision;case_source=tests/zh_fxname_cases_batch2_plan.md,batch_test_candidate,0,needs_user_review
zh_fxname_cases_batch2_plan:md034,乱七八糟的铁片响,Iron Plate,needs_review,乱七八糟,响,,,,no_action,pending,canonical_review_row_exists=响;do_not_duplicate_raw;needs_human_decision;case_source=tests/zh_fxname_cases_batch2_plan.md,batch_test_candidate,0,needs_user_review
zh_fxname_cases_batch2_plan:md035,测试打不要用,Test Tone,needs_review,不要用,打,不要用,,,needs_human_decision,pending,canonical_mapping_uncertain;needs_human_decision;case_source=tests/zh_fxname_cases_batch2_plan.md,batch_test_candidate,0,needs_user_review
zh_fxname_cases_batch2_plan:md035,测试打不要用,Test Tone,needs_review,不要用,打,,,,no_action,pending,canonical_review_row_exists=打;do_not_duplicate_raw;needs_human_decision;case_source=tests/zh_fxname_cases_batch2_plan.md,batch_test_candidate,0,needs_user_review
